ID,sold_qty
0,1.0
1,0.0
2,0.0
3,1.0
4,4.0
5,2.0
6,2.0
7,3.0
8,2.0
9,1.0
10,0.0
11,2.0
12,0.0
13,0.0
14,0.0
15,0.0
16,1.0
17,1.0
18,0.0
19,0.0
20,0.0
21,0.0
22,0.0
23,0.0
24,0.0
25,0.0
26,0.0
27,0.0
28,1.0
29,2.0
30,6.0
31,3.0
32,3.0
33,6.0
34,7.0
35,7.0
36,8.0
37,7.0
38,7.0
39,7.0
40,7.0
41,7.0
42,7.0
43,7.0
44,6.0
45,7.0
46,4.0
47,7.0
48,3.0
49,5.0
50,6.0
51,4.0
52,1.0
53,0.0
54,1.0
55,3.0
56,4.0
57,5.0
58,4.0
59,3.0
60,3.0
61,4.0
62,7.0
63,8.0
64,5.0
65,2.0
66,4.0
67,4.0
68,3.0
69,0.0
70,0.0
71,1.0
72,3.0
73,4.0
74,5.0
75,4.0
76,3.0
77,3.0
78,3.0
79,2.0
80,0.0
81,0.0
82,0.0
83,1.0
84,3.0
85,1.0
86,3.0
87,7.0
88,7.0
89,7.0
90,7.0
91,7.0
92,7.0
93,8.0
94,8.0
95,7.0
96,7.0
97,7.0
98,7.0
99,7.0
100,7.0
101,6.0
102,6.0
103,7.0
104,7.0
105,7.0
106,7.0
107,7.0
108,6.0
109,7.0
110,7.0
111,7.0
112,7.0
113,8.0
114,7.0
115,7.0
116,8.0
117,7.0
118,7.0
119,7.0
120,7.0
121,7.0
122,8.0
123,8.0
124,7.0
125,7.0
126,8.0
127,7.0
128,7.0
129,7.0
130,7.0
131,7.0
132,7.0
133,7.0
134,7.0
135,8.0
136,7.0
137,7.0
138,7.0
139,7.0
140,8.0
141,7.0
142,8.0
143,8.0
144,8.0
145,8.0
146,8.0
147,7.0
148,6.0
149,1.0
150,6.0
151,3.0
152,7.0
153,7.0
154,2.0
155,0.0
156,0.0
157,0.0
158,0.0
159,0.0
160,0.0
161,0.0
162,0.0
163,0.0
164,0.0
165,0.0
166,0.0
167,0.0
168,0.0
169,0.0
170,0.0
171,2.0
172,6.0
173,8.0
174,7.0
175,7.0
176,7.0
177,7.0
178,8.0
179,7.0
180,7.0
181,3.0
182,4.0
183,0.0
184,0.0
185,0.0
186,0.0
187,0.0
188,0.0
189,0.0
190,0.0
191,0.0
192,2.0
193,7.0
194,6.0
195,6.0
196,4.0
197,7.0
198,7.0
199,6.0
200,7.0
201,7.0
202,7.0
203,7.0
204,7.0
205,7.0
206,6.0
207,7.0
208,7.0
209,7.0
210,7.0
211,7.0
212,5.0
213,0.0
214,0.0
215,6.0
216,0.0
217,0.0
218,0.0
219,2.0
220,4.0
221,4.0
222,3.0
223,3.0
224,3.0
225,2.0
226,0.0
227,3.0
228,0.0
229,1.0
230,0.0
231,0.0
232,0.0
233,0.0
234,0.0
235,0.0
236,0.0
237,0.0
238,0.0
239,0.0
240,1.0
241,0.0
242,0.0
243,1.0
244,4.0
245,2.0
246,2.0
247,3.0
248,2.0
249,1.0
250,0.0
251,2.0
252,0.0
253,0.0
254,0.0
255,0.0
256,1.0
257,1.0
258,0.0
259,0.0
260,0.0
261,0.0
262,0.0
263,0.0
264,0.0
265,0.0
266,0.0
267,0.0
268,1.0
269,2.0
270,6.0
271,3.0
272,3.0
273,6.0
274,7.0
275,7.0
276,8.0
277,7.0
278,7.0
279,7.0
280,7.0
281,7.0
282,7.0
283,7.0
284,6.0
285,7.0
286,4.0
287,7.0
288,3.0
289,5.0
290,6.0
291,4.0
292,1.0
293,0.0
294,1.0
295,3.0
296,4.0
297,5.0
298,4.0
299,3.0
300,3.0
301,4.0
302,7.0
303,8.0
304,5.0
305,2.0
306,4.0
307,4.0
308,3.0
309,0.0
310,0.0
311,1.0
312,3.0
313,4.0
314,5.0
315,4.0
316,3.0
317,3.0
318,3.0
319,2.0
320,0.0
321,0.0
322,0.0
323,1.0
324,3.0
325,1.0
326,3.0
327,7.0
328,7.0
329,7.0
330,7.0
331,7.0
332,7.0
333,8.0
334,8.0
335,7.0
336,7.0
337,7.0
338,7.0
339,7.0
340,7.0
341,6.0
342,6.0
343,7.0
344,7.0
345,7.0
346,7.0
347,7.0
348,6.0
349,7.0
350,7.0
351,7.0
352,7.0
353,8.0
354,7.0
355,7.0
356,8.0
357,7.0
358,7.0
359,7.0
360,7.0
361,7.0
362,8.0
363,8.0
364,7.0
365,7.0
366,8.0
367,7.0
368,7.0
369,7.0
370,7.0
371,7.0
372,7.0
373,7.0
374,7.0
375,8.0
376,7.0
377,7.0
378,7.0
379,7.0
380,8.0
381,7.0
382,8.0
383,8.0
384,8.0
385,8.0
386,8.0
387,7.0
388,6.0
389,1.0
390,6.0
391,3.0
392,7.0
393,7.0
394,2.0
395,0.0
396,0.0
397,0.0
398,0.0
399,0.0
400,0.0
401,0.0
402,0.0
403,0.0
404,0.0
405,0.0
406,0.0
407,0.0
408,0.0
409,0.0
410,0.0
411,2.0
412,6.0
413,8.0
414,7.0
415,7.0
416,7.0
417,7.0
418,8.0
419,7.0
420,7.0
421,3.0
422,4.0
423,0.0
424,0.0
425,0.0
426,0.0
427,0.0
428,0.0
429,0.0
430,0.0
431,0.0
432,2.0
433,7.0
434,6.0
435,6.0
436,4.0
437,7.0
438,7.0
439,6.0
440,7.0
441,7.0
442,7.0
443,7.0
444,7.0
445,7.0
446,6.0
447,7.0
448,7.0
449,7.0
450,7.0
451,7.0
452,5.0
453,0.0
454,0.0
455,6.0
456,0.0
457,0.0
458,0.0
459,2.0
460,4.0
461,4.0
462,3.0
463,3.0
464,3.0
465,2.0
466,0.0
467,3.0
468,0.0
469,1.0
470,0.0
471,0.0
472,0.0
473,0.0
474,0.0
475,0.0
476,0.0
477,0.0
478,0.0
479,0.0
480,1.0
481,0.0
482,0.0
483,1.0
484,4.0
485,2.0
486,2.0
487,3.0
488,2.0
489,1.0
490,0.0
491,2.0
492,0.0
493,0.0
494,0.0
495,0.0
496,1.0
497,1.0
498,0.0
499,0.0
500,0.0
501,0.0
502,0.0
503,0.0
504,0.0
505,0.0
506,0.0
507,0.0
508,1.0
509,2.0
510,6.0
511,3.0
512,3.0
513,6.0
514,7.0
515,7.0
516,8.0
517,7.0
518,7.0
519,7.0
520,7.0
521,7.0
522,7.0
523,7.0
524,6.0
525,7.0
526,4.0
527,7.0
528,3.0
529,5.0
530,6.0
531,4.0
532,1.0
533,0.0
534,1.0
535,3.0
536,4.0
537,5.0
538,4.0
539,3.0
540,3.0
541,4.0
542,7.0
543,8.0
544,5.0
545,2.0
546,4.0
547,4.0
548,3.0
549,0.0
550,0.0
551,1.0
552,3.0
553,4.0
554,5.0
555,4.0
556,3.0
557,3.0
558,3.0
559,2.0
560,0.0
561,0.0
562,0.0
563,1.0
564,3.0
565,1.0
566,3.0
567,7.0
568,7.0
569,7.0
570,7.0
571,7.0
572,7.0
573,8.0
574,8.0
575,7.0
576,7.0
577,7.0
578,7.0
579,7.0
580,7.0
581,6.0
582,6.0
583,7.0
584,7.0
585,7.0
586,7.0
587,7.0
588,6.0
589,7.0
590,7.0
591,7.0
592,7.0
593,8.0
594,7.0
595,7.0
596,8.0
597,7.0
598,7.0
599,7.0
600,7.0
601,7.0
602,8.0
603,8.0
604,7.0
605,7.0
606,8.0
607,7.0
608,7.0
609,7.0
610,7.0
611,7.0
612,7.0
613,7.0
614,7.0
615,8.0
616,7.0
617,7.0
618,7.0
619,7.0
620,8.0
621,7.0
622,8.0
623,8.0
624,8.0
625,8.0
626,8.0
627,7.0
628,6.0
629,1.0
630,6.0
631,3.0
632,7.0
633,7.0
634,2.0
635,0.0
636,0.0
637,0.0
638,0.0
639,0.0
640,0.0
641,0.0
642,0.0
643,0.0
644,0.0
645,0.0
646,0.0
647,0.0
648,0.0
649,0.0
650,0.0
651,2.0
652,6.0
653,8.0
654,7.0
655,7.0
656,7.0
657,7.0
658,8.0
659,7.0
660,7.0
661,3.0
662,4.0
663,0.0
664,0.0
665,0.0
666,0.0
667,0.0
668,0.0
669,0.0
670,0.0
671,0.0
672,2.0
673,7.0
674,6.0
675,6.0
676,4.0
677,7.0
678,7.0
679,6.0
680,7.0
681,7.0
682,7.0
683,7.0
684,7.0
685,7.0
686,6.0
687,7.0
688,7.0
689,7.0
690,7.0
691,7.0
692,5.0
693,0.0
694,0.0
695,6.0
696,0.0
697,0.0
698,0.0
699,2.0
700,4.0
701,4.0
702,3.0
703,3.0
704,3.0
705,2.0
706,0.0
707,3.0
708,0.0
709,1.0
710,0.0
711,0.0
712,0.0
713,0.0
714,0.0
715,0.0
716,0.0
717,0.0
718,0.0
719,0.0
720,1.0
721,0.0
722,0.0
723,1.0
724,4.0
725,2.0
726,2.0
727,3.0
728,2.0
729,1.0
730,0.0
731,2.0
732,0.0
733,0.0
734,0.0
735,0.0
736,1.0
737,1.0
738,0.0
739,0.0
740,0.0
741,0.0
742,0.0
743,0.0
744,0.0
745,0.0
746,0.0
747,0.0
748,1.0
749,2.0
750,6.0
751,3.0
752,3.0
753,6.0
754,7.0
755,7.0
756,8.0
757,7.0
758,7.0
759,7.0
760,7.0
761,7.0
762,7.0
763,7.0
764,6.0
765,7.0
766,4.0
767,7.0
768,3.0
769,5.0
770,6.0
771,4.0
772,1.0
773,0.0
774,1.0
775,3.0
776,4.0
777,5.0
778,4.0
779,3.0
780,3.0
781,4.0
782,7.0
783,8.0
784,5.0
785,2.0
786,4.0
787,4.0
788,3.0
789,0.0
790,0.0
791,1.0
792,3.0
793,4.0
794,5.0
795,4.0
796,3.0
797,3.0
798,3.0
799,2.0
800,0.0
801,0.0
802,0.0
803,1.0
804,3.0
805,1.0
806,3.0
807,7.0
808,7.0
809,7.0
810,7.0
811,7.0
812,7.0
813,8.0
814,8.0
815,7.0
816,7.0
817,7.0
818,7.0
819,7.0
820,7.0
821,6.0
822,6.0
823,7.0
824,7.0
825,7.0
826,7.0
827,7.0
828,6.0
829,7.0
830,7.0
831,7.0
832,7.0
833,8.0
834,7.0
835,7.0
836,8.0
837,7.0
838,7.0
839,7.0
840,7.0
841,7.0
842,8.0
843,8.0
844,7.0
845,7.0
846,8.0
847,7.0
848,7.0
849,7.0
850,7.0
851,7.0
852,7.0
853,7.0
854,7.0
855,8.0
856,7.0
857,7.0
858,7.0
859,7.0
860,8.0
861,7.0
862,8.0
863,8.0
864,8.0
865,8.0
866,8.0
867,7.0
868,6.0
869,1.0
870,6.0
871,3.0
872,7.0
873,7.0
874,2.0
875,0.0
876,0.0
877,0.0
878,0.0
879,0.0
880,0.0
881,0.0
882,0.0
883,0.0
884,0.0
885,0.0
886,0.0
887,0.0
888,0.0
889,0.0
890,0.0
891,2.0
892,6.0
893,8.0
894,7.0
895,7.0
896,7.0
897,7.0
898,8.0
899,7.0
900,7.0
901,3.0
902,4.0
903,0.0
904,0.0
905,0.0
906,0.0
907,0.0
908,0.0
909,0.0
910,0.0
911,0.0
912,2.0
913,7.0
914,6.0
915,6.0
916,4.0
917,7.0
918,7.0
919,6.0
920,7.0
921,7.0
922,7.0
923,7.0
924,7.0
925,7.0
926,6.0
927,7.0
928,7.0
929,7.0
930,7.0
931,7.0
932,5.0
933,0.0
934,0.0
935,6.0
936,0.0
937,0.0
938,0.0
939,2.0
940,4.0
941,4.0
942,3.0
943,3.0
944,3.0
945,2.0
946,0.0
947,3.0
948,0.0
949,1.0
950,0.0
951,0.0
952,0.0
953,0.0
954,0.0
955,0.0
956,0.0
957,0.0
958,0.0
959,0.0
960,1.0
961,0.0
962,0.0
963,1.0
964,4.0
965,2.0
966,2.0
967,3.0
968,2.0
969,1.0
970,0.0
971,2.0
972,0.0
973,0.0
974,0.0
975,0.0
976,1.0
977,1.0
978,0.0
979,0.0
980,0.0
981,0.0
982,0.0
983,0.0
984,0.0
985,0.0
986,0.0
987,0.0
988,1.0
989,2.0
990,6.0
991,3.0
992,3.0
993,6.0
994,7.0
995,7.0
996,8.0
997,7.0
998,7.0
999,7.0
1000,7.0
1001,7.0
1002,7.0
1003,7.0
1004,6.0
1005,7.0
1006,4.0
1007,7.0
1008,3.0
1009,5.0
1010,6.0
1011,4.0
1012,1.0
1013,0.0
1014,1.0
1015,3.0
1016,4.0
1017,5.0
1018,4.0
1019,3.0
1020,3.0
1021,4.0
1022,7.0
1023,8.0
1024,5.0
1025,2.0
1026,4.0
1027,4.0
1028,3.0
1029,0.0
1030,0.0
1031,1.0
1032,3.0
1033,4.0
1034,5.0
1035,4.0
1036,3.0
1037,3.0
1038,3.0
1039,2.0
1040,0.0
1041,0.0
1042,0.0
1043,1.0
1044,3.0
1045,1.0
1046,3.0
1047,7.0
1048,7.0
1049,7.0
1050,7.0
1051,7.0
1052,7.0
1053,8.0
1054,8.0
1055,7.0
1056,7.0
1057,7.0
1058,7.0
1059,7.0
1060,7.0
1061,6.0
1062,6.0
1063,7.0
1064,7.0
1065,7.0
1066,7.0
1067,7.0
1068,6.0
1069,7.0
1070,7.0
1071,7.0
1072,7.0
1073,8.0
1074,7.0
1075,7.0
1076,8.0
1077,7.0
1078,7.0
1079,7.0
1080,7.0
1081,7.0
1082,8.0
1083,8.0
1084,7.0
1085,7.0
1086,8.0
1087,7.0
1088,7.0
1089,7.0
1090,7.0
1091,7.0
1092,7.0
1093,7.0
1094,7.0
1095,8.0
1096,7.0
1097,7.0
1098,7.0
1099,7.0
1100,8.0
1101,7.0
1102,8.0
1103,8.0
1104,8.0
1105,8.0
1106,8.0
1107,7.0
1108,6.0
1109,1.0
1110,6.0
1111,3.0
1112,7.0
1113,7.0
1114,2.0
1115,0.0
1116,0.0
1117,0.0
1118,0.0
1119,0.0
1120,0.0
1121,0.0
1122,0.0
1123,0.0
1124,0.0
1125,0.0
1126,0.0
1127,0.0
1128,0.0
1129,0.0
1130,0.0
1131,2.0
1132,6.0
1133,8.0
1134,7.0
1135,7.0
1136,7.0
1137,7.0
1138,8.0
1139,7.0
1140,7.0
1141,3.0
1142,4.0
1143,0.0
1144,0.0
1145,0.0
1146,0.0
1147,0.0
1148,0.0
1149,0.0
1150,0.0
1151,0.0
1152,2.0
1153,7.0
1154,6.0
1155,6.0
1156,4.0
1157,7.0
1158,7.0
1159,6.0
1160,7.0
1161,7.0
1162,7.0
1163,7.0
1164,7.0
1165,7.0
1166,6.0
1167,7.0
1168,7.0
1169,7.0
1170,7.0
1171,7.0
1172,5.0
1173,0.0
1174,0.0
1175,6.0
1176,0.0
1177,0.0
1178,0.0
1179,2.0
1180,4.0
1181,4.0
1182,3.0
1183,3.0
1184,3.0
1185,2.0
1186,0.0
1187,3.0
1188,0.0
1189,1.0
1190,0.0
1191,0.0
1192,0.0
1193,0.0
1194,0.0
1195,0.0
1196,0.0
1197,0.0
1198,0.0
1199,0.0
1200,1.0
1201,0.0
1202,0.0
1203,1.0
1204,4.0
1205,2.0
1206,2.0
1207,3.0
1208,2.0
1209,1.0
1210,0.0
1211,2.0
1212,0.0
1213,0.0
1214,0.0
1215,0.0
1216,1.0
1217,1.0
1218,0.0
1219,0.0
1220,0.0
1221,0.0
1222,0.0
1223,0.0
1224,0.0
1225,0.0
1226,0.0
1227,0.0
1228,1.0
1229,2.0
1230,6.0
1231,3.0
1232,3.0
1233,6.0
1234,7.0
1235,7.0
1236,8.0
1237,7.0
1238,7.0
1239,7.0
1240,7.0
1241,7.0
1242,7.0
1243,7.0
1244,6.0
1245,7.0
1246,4.0
1247,7.0
1248,3.0
1249,5.0
1250,6.0
1251,4.0
1252,1.0
1253,0.0
1254,1.0
1255,3.0
1256,4.0
1257,5.0
1258,4.0
1259,3.0
1260,3.0
1261,4.0
1262,7.0
1263,8.0
1264,5.0
1265,2.0
1266,4.0
1267,4.0
1268,3.0
1269,0.0
1270,0.0
1271,1.0
1272,3.0
1273,4.0
1274,5.0
1275,4.0
1276,3.0
1277,3.0
1278,3.0
1279,2.0
1280,0.0
1281,0.0
1282,0.0
1283,1.0
1284,3.0
1285,1.0
1286,3.0
1287,7.0
1288,7.0
1289,7.0
1290,7.0
1291,7.0
1292,7.0
1293,8.0
1294,8.0
1295,7.0
1296,7.0
1297,7.0
1298,7.0
1299,7.0
1300,7.0
1301,6.0
1302,6.0
1303,7.0
1304,7.0
1305,7.0
1306,7.0
1307,7.0
1308,6.0
1309,7.0
1310,7.0
1311,7.0
1312,7.0
1313,8.0
1314,7.0
1315,7.0
1316,8.0
1317,7.0
1318,7.0
1319,7.0
1320,7.0
1321,7.0
1322,8.0
1323,8.0
1324,7.0
1325,7.0
1326,8.0
1327,7.0
1328,7.0
1329,7.0
1330,7.0
1331,7.0
1332,7.0
1333,7.0
1334,7.0
1335,8.0
1336,7.0
1337,7.0
1338,7.0
1339,7.0
1340,8.0
1341,7.0
1342,8.0
1343,8.0
1344,8.0
1345,8.0
1346,8.0
1347,7.0
1348,6.0
1349,1.0
1350,6.0
1351,3.0
1352,7.0
1353,7.0
1354,2.0
1355,0.0
1356,0.0
1357,0.0
1358,0.0
1359,0.0
1360,0.0
1361,0.0
1362,0.0
1363,0.0
1364,0.0
1365,0.0
1366,0.0
1367,0.0
1368,0.0
1369,0.0
1370,0.0
1371,2.0
1372,6.0
1373,8.0
1374,7.0
1375,7.0
1376,7.0
1377,7.0
1378,8.0
1379,7.0
1380,7.0
1381,3.0
1382,4.0
1383,0.0
1384,0.0
1385,0.0
1386,0.0
1387,0.0
1388,0.0
1389,0.0
1390,0.0
1391,0.0
1392,2.0
1393,7.0
1394,6.0
1395,6.0
1396,4.0
1397,7.0
1398,7.0
1399,6.0
1400,7.0
1401,7.0
1402,7.0
1403,7.0
1404,7.0
1405,7.0
1406,6.0
1407,7.0
1408,7.0
1409,7.0
1410,7.0
1411,7.0
1412,5.0
1413,0.0
1414,0.0
1415,6.0
1416,0.0
1417,0.0
1418,0.0
1419,2.0
1420,4.0
1421,4.0
1422,3.0
1423,3.0
1424,3.0
1425,2.0
1426,0.0
1427,3.0
1428,0.0
1429,1.0
1430,0.0
1431,0.0
1432,0.0
1433,0.0
1434,0.0
1435,0.0
1436,0.0
1437,0.0
1438,0.0
1439,0.0
1440,1.0
1441,0.0
1442,0.0
1443,1.0
1444,4.0
1445,2.0
1446,2.0
1447,3.0
1448,2.0
1449,1.0
1450,0.0
1451,2.0
1452,0.0
1453,0.0
1454,0.0
1455,0.0
1456,1.0
1457,1.0
1458,0.0
1459,0.0
1460,0.0
1461,0.0
1462,0.0
1463,0.0
1464,0.0
1465,0.0
1466,0.0
1467,0.0
1468,1.0
1469,2.0
1470,6.0
1471,3.0
1472,3.0
1473,6.0
1474,7.0
1475,7.0
1476,8.0
1477,7.0
1478,7.0
1479,7.0
1480,7.0
1481,7.0
1482,7.0
1483,7.0
1484,6.0
1485,7.0
1486,4.0
1487,7.0
1488,3.0
1489,5.0
1490,6.0
1491,4.0
1492,1.0
1493,0.0
1494,1.0
1495,3.0
1496,4.0
1497,5.0
1498,4.0
1499,3.0
1500,3.0
1501,4.0
1502,7.0
1503,8.0
1504,5.0
1505,2.0
1506,4.0
1507,4.0
1508,3.0
1509,0.0
1510,0.0
1511,1.0
1512,3.0
1513,4.0
1514,5.0
1515,4.0
1516,3.0
1517,3.0
1518,3.0
1519,2.0
1520,0.0
1521,0.0
1522,0.0
1523,1.0
1524,3.0
1525,1.0
1526,3.0
1527,7.0
1528,7.0
1529,7.0
1530,7.0
1531,7.0
1532,7.0
1533,8.0
1534,8.0
1535,7.0
1536,7.0
1537,7.0
1538,7.0
1539,7.0
1540,7.0
1541,6.0
1542,6.0
1543,7.0
1544,7.0
1545,7.0
1546,7.0
1547,7.0
1548,6.0
1549,7.0
1550,7.0
1551,7.0
1552,7.0
1553,8.0
1554,7.0
1555,7.0
1556,8.0
1557,7.0
1558,7.0
1559,7.0
1560,7.0
1561,7.0
1562,8.0
1563,8.0
1564,7.0
1565,7.0
1566,8.0
1567,7.0
1568,7.0
1569,7.0
1570,7.0
1571,7.0
1572,7.0
1573,7.0
1574,7.0
1575,8.0
1576,7.0
1577,7.0
1578,7.0
1579,7.0
1580,8.0
1581,7.0
1582,8.0
1583,8.0
1584,8.0
1585,8.0
1586,8.0
1587,7.0
1588,6.0
1589,1.0
1590,6.0
1591,3.0
1592,7.0
1593,7.0
1594,2.0
1595,0.0
1596,0.0
1597,0.0
1598,0.0
1599,0.0
1600,0.0
1601,0.0
1602,0.0
1603,0.0
1604,0.0
1605,0.0
1606,0.0
1607,0.0
1608,0.0
1609,0.0
1610,0.0
1611,2.0
1612,6.0
1613,8.0
1614,7.0
1615,7.0
1616,7.0
1617,7.0
1618,8.0
1619,7.0
1620,7.0
1621,3.0
1622,4.0
1623,0.0
1624,0.0
1625,0.0
1626,0.0
1627,0.0
1628,0.0
1629,0.0
1630,0.0
1631,0.0
1632,2.0
1633,7.0
1634,6.0
1635,6.0
1636,4.0
1637,7.0
1638,7.0
1639,6.0
1640,7.0
1641,7.0
1642,7.0
1643,7.0
1644,7.0
1645,7.0
1646,6.0
1647,7.0
1648,7.0
1649,7.0
1650,7.0
1651,7.0
1652,5.0
1653,0.0
1654,0.0
1655,6.0
1656,0.0
1657,0.0
1658,0.0
1659,2.0
1660,4.0
1661,4.0
1662,3.0
1663,3.0
1664,3.0
1665,2.0
1666,0.0
1667,3.0
1668,0.0
1669,1.0
1670,0.0
1671,0.0
1672,0.0
1673,0.0
1674,0.0
1675,0.0
1676,0.0
1677,0.0
1678,0.0
1679,0.0
1680,1.0
1681,0.0
1682,0.0
1683,1.0
1684,4.0
1685,2.0
1686,2.0
1687,3.0
1688,2.0
1689,1.0
1690,0.0
1691,2.0
1692,0.0
1693,0.0
1694,0.0
1695,0.0
1696,1.0
1697,1.0
1698,0.0
1699,0.0
1700,0.0
1701,0.0
1702,0.0
1703,0.0
1704,0.0
1705,0.0
1706,0.0
1707,0.0
1708,1.0
1709,2.0
1710,6.0
1711,3.0
1712,3.0
1713,6.0
1714,7.0
1715,7.0
1716,8.0
1717,7.0
1718,7.0
1719,7.0
1720,7.0
1721,7.0
1722,7.0
1723,7.0
1724,6.0
1725,7.0
1726,4.0
1727,7.0
1728,3.0
1729,5.0
1730,6.0
1731,4.0
1732,1.0
1733,0.0
1734,1.0
1735,3.0
1736,4.0
1737,5.0
1738,4.0
1739,3.0
1740,3.0
1741,4.0
1742,7.0
1743,8.0
1744,5.0
1745,2.0
1746,4.0
1747,4.0
1748,3.0
1749,0.0
1750,0.0
1751,1.0
1752,3.0
1753,4.0
1754,5.0
1755,4.0
1756,3.0
1757,3.0
1758,3.0
1759,2.0
1760,0.0
1761,0.0
1762,0.0
1763,1.0
1764,3.0
1765,1.0
1766,3.0
1767,7.0
1768,7.0
1769,7.0
1770,7.0
1771,7.0
1772,7.0
1773,8.0
1774,8.0
1775,7.0
1776,7.0
1777,7.0
1778,7.0
1779,7.0
1780,7.0
1781,6.0
1782,6.0
1783,7.0
1784,7.0
1785,7.0
1786,7.0
1787,7.0
1788,6.0
1789,7.0
1790,7.0
1791,7.0
1792,7.0
1793,8.0
1794,7.0
1795,7.0
1796,8.0
1797,7.0
1798,7.0
1799,7.0
1800,7.0
1801,7.0
1802,8.0
1803,8.0
1804,7.0
1805,7.0
1806,8.0
1807,7.0
1808,7.0
1809,7.0
1810,7.0
1811,7.0
1812,7.0
1813,7.0
1814,7.0
1815,8.0
1816,7.0
1817,7.0
1818,7.0
1819,7.0
1820,8.0
1821,7.0
1822,8.0
1823,8.0
1824,8.0
1825,8.0
1826,8.0
1827,7.0
1828,6.0
1829,1.0
1830,6.0
1831,3.0
1832,7.0
1833,7.0
1834,2.0
1835,0.0
1836,0.0
1837,0.0
1838,0.0
1839,0.0
1840,0.0
1841,0.0
1842,0.0
1843,0.0
1844,0.0
1845,0.0
1846,0.0
1847,0.0
1848,0.0
1849,0.0
1850,0.0
1851,2.0
1852,6.0
1853,8.0
1854,7.0
1855,7.0
1856,7.0
1857,7.0
1858,8.0
1859,7.0
1860,7.0
1861,3.0
1862,4.0
1863,0.0
1864,0.0
1865,0.0
1866,0.0
1867,0.0
1868,0.0
1869,0.0
1870,0.0
1871,0.0
1872,2.0
1873,7.0
1874,6.0
1875,6.0
1876,4.0
1877,7.0
1878,7.0
1879,6.0
1880,7.0
1881,7.0
1882,7.0
1883,7.0
1884,7.0
1885,7.0
1886,6.0
1887,7.0
1888,7.0
1889,7.0
1890,7.0
1891,7.0
1892,5.0
1893,0.0
1894,0.0
1895,6.0
1896,0.0
1897,0.0
1898,0.0
1899,2.0
1900,4.0
1901,4.0
1902,3.0
1903,3.0
1904,3.0
1905,2.0
1906,0.0
1907,3.0
1908,0.0
1909,1.0
1910,0.0
1911,0.0
1912,0.0
1913,0.0
1914,0.0
1915,0.0
1916,0.0
1917,0.0
1918,0.0
1919,0.0
1920,1.0
1921,0.0
1922,0.0
1923,1.0
1924,4.0
1925,2.0
1926,2.0
1927,3.0
1928,2.0
1929,1.0
1930,0.0
1931,2.0
1932,0.0
1933,0.0
1934,0.0
1935,0.0
1936,1.0
1937,1.0
1938,0.0
1939,0.0
1940,0.0
1941,0.0
1942,0.0
1943,0.0
1944,0.0
1945,0.0
1946,0.0
1947,0.0
1948,1.0
1949,2.0
1950,6.0
1951,3.0
1952,3.0
1953,6.0
1954,7.0
1955,7.0
1956,8.0
1957,7.0
1958,7.0
1959,7.0
1960,7.0
1961,7.0
1962,7.0
1963,7.0
1964,6.0
1965,7.0
1966,4.0
1967,7.0
1968,3.0
1969,5.0
1970,6.0
1971,4.0
1972,1.0
1973,0.0
1974,1.0
1975,3.0
1976,4.0
1977,5.0
1978,4.0
1979,3.0
1980,3.0
1981,4.0
1982,7.0
1983,8.0
1984,5.0
1985,2.0
1986,4.0
1987,4.0
1988,3.0
1989,0.0
1990,0.0
1991,1.0
1992,3.0
1993,4.0
1994,5.0
1995,4.0
1996,3.0
1997,3.0
1998,3.0
1999,2.0
2000,0.0
2001,0.0
2002,0.0
2003,1.0
2004,3.0
2005,1.0
2006,3.0
2007,7.0
2008,7.0
2009,7.0
2010,7.0
2011,7.0
2012,7.0
2013,8.0
2014,8.0
2015,7.0
2016,7.0
2017,7.0
2018,7.0
2019,7.0
2020,7.0
2021,6.0
2022,6.0
2023,7.0
2024,7.0
2025,7.0
2026,7.0
2027,7.0
2028,6.0
2029,7.0
2030,7.0
2031,7.0
2032,7.0
2033,8.0
2034,7.0
2035,7.0
2036,8.0
2037,7.0
2038,7.0
2039,7.0
2040,7.0
2041,7.0
2042,8.0
2043,8.0
2044,7.0
2045,7.0
2046,8.0
2047,7.0
2048,7.0
2049,7.0
2050,7.0
2051,7.0
2052,7.0
2053,7.0
2054,7.0
2055,8.0
2056,7.0
2057,7.0
2058,7.0
2059,7.0
2060,8.0
2061,7.0
2062,8.0
2063,8.0
2064,8.0
2065,8.0
2066,8.0
2067,7.0
2068,6.0
2069,1.0
2070,6.0
2071,3.0
2072,7.0
2073,7.0
2074,2.0
2075,0.0
2076,0.0
2077,0.0
2078,0.0
2079,0.0
2080,0.0
2081,0.0
2082,0.0
2083,0.0
2084,0.0
2085,0.0
2086,0.0
2087,0.0
2088,0.0
2089,0.0
2090,0.0
2091,2.0
2092,6.0
2093,8.0
2094,7.0
2095,7.0
2096,7.0
2097,7.0
2098,8.0
2099,7.0
2100,7.0
2101,3.0
2102,4.0
2103,0.0
2104,0.0
2105,0.0
2106,0.0
2107,0.0
2108,0.0
2109,0.0
2110,0.0
2111,0.0
2112,2.0
2113,7.0
2114,6.0
2115,6.0
2116,4.0
2117,7.0
2118,7.0
2119,6.0
2120,7.0
2121,7.0
2122,7.0
2123,7.0
2124,7.0
2125,7.0
2126,6.0
2127,7.0
2128,7.0
2129,7.0
2130,7.0
2131,7.0
2132,5.0
2133,0.0
2134,0.0
2135,6.0
2136,0.0
2137,0.0
2138,0.0
2139,2.0
2140,4.0
2141,4.0
2142,3.0
2143,3.0
2144,3.0
2145,2.0
2146,0.0
2147,3.0
2148,0.0
2149,1.0
2150,0.0
2151,0.0
2152,0.0
2153,0.0
2154,0.0
2155,0.0
2156,0.0
2157,0.0
2158,0.0
2159,0.0
2160,1.0
2161,0.0
2162,0.0
2163,1.0
2164,4.0
2165,2.0
2166,2.0
2167,3.0
2168,2.0
2169,1.0
2170,0.0
2171,2.0
2172,0.0
2173,0.0
2174,0.0
2175,0.0
2176,1.0
2177,1.0
2178,0.0
2179,0.0
2180,0.0
2181,0.0
2182,0.0
2183,0.0
2184,0.0
2185,0.0
2186,0.0
2187,0.0
2188,1.0
2189,2.0
2190,6.0
2191,3.0
2192,3.0
2193,6.0
2194,7.0
2195,7.0
2196,8.0
2197,7.0
2198,7.0
2199,7.0
2200,7.0
2201,7.0
2202,7.0
2203,7.0
2204,6.0
2205,7.0
2206,4.0
2207,7.0
2208,3.0
2209,5.0
2210,6.0
2211,4.0
2212,1.0
2213,0.0
2214,1.0
2215,3.0
2216,4.0
2217,5.0
2218,4.0
2219,3.0
2220,3.0
2221,4.0
2222,7.0
2223,8.0
2224,5.0
2225,2.0
2226,4.0
2227,4.0
2228,3.0
2229,0.0
2230,0.0
2231,1.0
2232,3.0
2233,4.0
2234,5.0
2235,4.0
2236,3.0
2237,3.0
2238,3.0
2239,2.0
2240,0.0
2241,0.0
2242,0.0
2243,1.0
2244,3.0
2245,1.0
2246,3.0
2247,7.0
2248,7.0
2249,7.0
2250,7.0
2251,7.0
2252,7.0
2253,8.0
2254,8.0
2255,7.0
2256,7.0
2257,7.0
2258,7.0
2259,7.0
2260,7.0
2261,6.0
2262,6.0
2263,7.0
2264,7.0
2265,7.0
2266,7.0
2267,7.0
2268,6.0
2269,7.0
2270,7.0
2271,7.0
2272,7.0
2273,8.0
2274,7.0
2275,7.0
2276,8.0
2277,7.0
2278,7.0
2279,7.0
2280,7.0
2281,7.0
2282,8.0
2283,8.0
2284,7.0
2285,7.0
2286,8.0
2287,7.0
2288,7.0
2289,7.0
2290,7.0
2291,7.0
2292,7.0
2293,7.0
2294,7.0
2295,8.0
2296,7.0
2297,7.0
2298,7.0
2299,7.0
2300,8.0
2301,7.0
2302,8.0
2303,8.0
2304,8.0
2305,8.0
2306,8.0
2307,7.0
2308,6.0
2309,1.0
2310,6.0
2311,3.0
2312,7.0
2313,7.0
2314,2.0
2315,0.0
2316,0.0
2317,0.0
2318,0.0
2319,0.0
2320,0.0
2321,0.0
2322,0.0
2323,0.0
2324,0.0
2325,0.0
2326,0.0
2327,0.0
2328,0.0
2329,0.0
2330,0.0
2331,2.0
2332,6.0
2333,8.0
2334,7.0
2335,7.0
2336,7.0
2337,7.0
2338,8.0
2339,7.0
2340,7.0
2341,3.0
2342,4.0
2343,0.0
2344,0.0
2345,0.0
2346,0.0
2347,0.0
2348,0.0
2349,0.0
2350,0.0
2351,0.0
2352,2.0
2353,7.0
2354,6.0
2355,6.0
2356,4.0
2357,7.0
2358,7.0
2359,6.0
2360,7.0
2361,7.0
2362,7.0
2363,7.0
2364,7.0
2365,7.0
2366,6.0
2367,7.0
2368,7.0
2369,7.0
2370,7.0
2371,7.0
2372,5.0
2373,0.0
2374,0.0
2375,6.0
2376,0.0
2377,0.0
2378,0.0
2379,2.0
2380,4.0
2381,4.0
2382,3.0
2383,3.0
2384,3.0
2385,2.0
2386,0.0
2387,3.0
2388,0.0
2389,1.0
2390,0.0
2391,0.0
2392,0.0
2393,0.0
2394,0.0
2395,0.0
2396,0.0
2397,0.0
2398,0.0
2399,0.0
2400,1.0
2401,0.0
2402,0.0
2403,1.0
2404,4.0
2405,2.0
2406,2.0
2407,3.0
2408,2.0
2409,1.0
2410,0.0
2411,2.0
2412,0.0
2413,0.0
2414,0.0
2415,0.0
2416,1.0
2417,1.0
2418,0.0
2419,0.0
2420,0.0
2421,0.0
2422,0.0
2423,0.0
2424,0.0
2425,0.0
2426,0.0
2427,0.0
2428,1.0
2429,2.0
2430,6.0
2431,3.0
2432,3.0
2433,6.0
2434,7.0
2435,7.0
2436,8.0
2437,7.0
2438,7.0
2439,7.0
2440,7.0
2441,7.0
2442,7.0
2443,7.0
2444,6.0
2445,7.0
2446,4.0
2447,7.0
2448,3.0
2449,5.0
2450,6.0
2451,4.0
2452,1.0
2453,0.0
2454,1.0
2455,3.0
2456,4.0
2457,5.0
2458,4.0
2459,3.0
2460,3.0
2461,4.0
2462,7.0
2463,8.0
2464,5.0
2465,2.0
2466,4.0
2467,4.0
2468,3.0
2469,0.0
2470,0.0
2471,1.0
2472,3.0
2473,4.0
2474,5.0
2475,4.0
2476,3.0
2477,3.0
2478,3.0
2479,2.0
2480,0.0
2481,0.0
2482,0.0
2483,1.0
2484,3.0
2485,1.0
2486,3.0
2487,7.0
2488,7.0
2489,7.0
2490,7.0
2491,7.0
2492,7.0
2493,8.0
2494,8.0
2495,7.0
2496,7.0
2497,7.0
2498,7.0
2499,7.0
2500,7.0
2501,6.0
2502,6.0
2503,7.0
2504,7.0
2505,7.0
2506,7.0
2507,7.0
2508,6.0
2509,7.0
2510,7.0
2511,7.0
2512,7.0
2513,8.0
2514,7.0
2515,7.0
2516,8.0
2517,7.0
2518,7.0
2519,7.0
2520,7.0
2521,7.0
2522,8.0
2523,8.0
2524,7.0
2525,7.0
2526,8.0
2527,7.0
2528,7.0
2529,7.0
2530,7.0
2531,7.0
2532,7.0
2533,7.0
2534,7.0
2535,8.0
2536,7.0
2537,7.0
2538,7.0
2539,7.0
2540,8.0
2541,7.0
2542,8.0
2543,8.0
2544,8.0
2545,8.0
2546,8.0
2547,7.0
2548,6.0
2549,1.0
2550,6.0
2551,3.0
2552,7.0
2553,7.0
2554,2.0
2555,0.0
2556,0.0
2557,0.0
2558,0.0
2559,0.0
2560,0.0
2561,0.0
2562,0.0
2563,0.0
2564,0.0
2565,0.0
2566,0.0
2567,0.0
2568,0.0
2569,0.0
2570,0.0
2571,2.0
2572,6.0
2573,8.0
2574,7.0
2575,7.0
2576,7.0
2577,7.0
2578,8.0
2579,7.0
2580,7.0
2581,3.0
2582,4.0
2583,0.0
2584,0.0
2585,0.0
2586,0.0
2587,0.0
2588,0.0
2589,0.0
2590,0.0
2591,0.0
2592,2.0
2593,7.0
2594,6.0
2595,6.0
2596,4.0
2597,7.0
2598,7.0
2599,6.0
2600,7.0
2601,7.0
2602,7.0
2603,7.0
2604,7.0
2605,7.0
2606,6.0
2607,7.0
2608,7.0
2609,7.0
2610,7.0
2611,7.0
2612,5.0
2613,0.0
2614,0.0
2615,6.0
2616,0.0
2617,0.0
2618,0.0
2619,2.0
2620,4.0
2621,4.0
2622,3.0
2623,3.0
2624,3.0
2625,2.0
2626,0.0
2627,3.0
2628,0.0
2629,1.0
2630,0.0
2631,0.0
2632,0.0
2633,0.0
2634,0.0
2635,0.0
2636,0.0
2637,0.0
2638,0.0
2639,0.0
2640,1.0
2641,0.0
2642,0.0
2643,1.0
2644,4.0
2645,2.0
2646,2.0
2647,3.0
2648,2.0
2649,1.0
2650,0.0
2651,2.0
2652,0.0
2653,0.0
2654,0.0
2655,0.0
2656,1.0
2657,1.0
2658,0.0
2659,0.0
2660,0.0
2661,0.0
2662,0.0
2663,0.0
2664,0.0
2665,0.0
2666,0.0
2667,0.0
2668,1.0
2669,2.0
2670,6.0
2671,3.0
2672,3.0
2673,6.0
2674,7.0
2675,7.0
2676,8.0
2677,7.0
2678,7.0
2679,7.0
2680,7.0
2681,7.0
2682,7.0
2683,7.0
2684,6.0
2685,7.0
2686,4.0
2687,7.0
2688,3.0
2689,5.0
2690,6.0
2691,4.0
2692,1.0
2693,0.0
2694,1.0
2695,3.0
2696,4.0
2697,5.0
2698,4.0
2699,3.0
2700,3.0
2701,4.0
2702,7.0
2703,8.0
2704,5.0
2705,2.0
2706,4.0
2707,4.0
2708,3.0
2709,0.0
2710,0.0
2711,1.0
2712,3.0
2713,4.0
2714,5.0
2715,4.0
2716,3.0
2717,3.0
2718,3.0
2719,2.0
2720,0.0
2721,0.0
2722,0.0
2723,1.0
2724,3.0
2725,1.0
2726,3.0
2727,7.0
2728,7.0
2729,7.0
2730,7.0
2731,7.0
2732,7.0
2733,8.0
2734,8.0
2735,7.0
2736,7.0
2737,7.0
2738,7.0
2739,7.0
2740,7.0
2741,6.0
2742,6.0
2743,7.0
2744,7.0
2745,7.0
2746,7.0
2747,7.0
2748,6.0
2749,7.0
2750,7.0
2751,7.0
2752,7.0
2753,8.0
2754,7.0
2755,7.0
2756,8.0
2757,7.0
2758,7.0
2759,7.0
2760,7.0
2761,7.0
2762,8.0
2763,8.0
2764,7.0
2765,7.0
2766,8.0
2767,7.0
2768,7.0
2769,7.0
2770,7.0
2771,7.0
2772,7.0
2773,7.0
2774,7.0
2775,8.0
2776,7.0
2777,7.0
2778,7.0
2779,7.0
2780,8.0
2781,7.0
2782,8.0
2783,8.0
2784,8.0
2785,8.0
2786,8.0
2787,7.0
2788,6.0
2789,1.0
2790,6.0
2791,3.0
2792,7.0
2793,7.0
2794,2.0
2795,0.0
2796,0.0
2797,0.0
2798,0.0
2799,0.0
2800,0.0
2801,0.0
2802,0.0
2803,0.0
2804,0.0
2805,0.0
2806,0.0
2807,0.0
2808,0.0
2809,0.0
2810,0.0
2811,2.0
2812,6.0
2813,8.0
2814,7.0
2815,7.0
2816,7.0
2817,7.0
2818,8.0
2819,7.0
2820,7.0
2821,3.0
2822,4.0
2823,0.0
2824,0.0
2825,0.0
2826,0.0
2827,0.0
2828,0.0
2829,0.0
2830,0.0
2831,0.0
2832,2.0
2833,7.0
2834,6.0
2835,6.0
2836,4.0
2837,7.0
2838,7.0
2839,6.0
2840,7.0
2841,7.0
2842,7.0
2843,7.0
2844,7.0
2845,7.0
2846,6.0
2847,7.0
2848,7.0
2849,7.0
2850,7.0
2851,7.0
2852,5.0
2853,0.0
2854,0.0
2855,6.0
2856,0.0
2857,0.0
2858,0.0
2859,2.0
2860,4.0
2861,4.0
2862,3.0
2863,3.0
2864,3.0
2865,2.0
2866,0.0
2867,3.0
2868,0.0
2869,1.0
2870,0.0
2871,0.0
2872,0.0
2873,0.0
2874,0.0
2875,0.0
2876,0.0
2877,0.0
2878,0.0
2879,0.0
2880,1.0
2881,0.0
2882,0.0
2883,1.0
2884,4.0
2885,2.0
2886,2.0
2887,3.0
2888,2.0
2889,1.0
2890,0.0
2891,2.0
2892,0.0
2893,0.0
2894,0.0
2895,0.0
2896,1.0
2897,1.0
2898,0.0
2899,0.0
2900,0.0
2901,0.0
2902,0.0
2903,0.0
2904,0.0
2905,0.0
2906,0.0
2907,0.0
2908,1.0
2909,2.0
2910,6.0
2911,3.0
2912,3.0
2913,6.0
2914,7.0
2915,7.0
2916,8.0
2917,7.0
2918,7.0
2919,7.0
2920,7.0
2921,7.0
2922,7.0
2923,7.0
2924,6.0
2925,7.0
2926,4.0
2927,7.0
2928,3.0
2929,5.0
2930,6.0
2931,4.0
2932,1.0
2933,0.0
2934,1.0
2935,3.0
2936,4.0
2937,5.0
2938,4.0
2939,3.0
2940,3.0
2941,4.0
2942,7.0
2943,8.0
2944,5.0
2945,2.0
2946,4.0
2947,4.0
2948,3.0
2949,0.0
2950,0.0
2951,1.0
2952,3.0
2953,4.0
2954,5.0
2955,4.0
2956,3.0
2957,3.0
2958,3.0
2959,2.0
2960,0.0
2961,0.0
2962,0.0
2963,1.0
2964,3.0
2965,1.0
2966,3.0
2967,7.0
2968,7.0
2969,7.0
2970,7.0
2971,7.0
2972,7.0
2973,8.0
2974,8.0
2975,7.0
2976,7.0
2977,7.0
2978,7.0
2979,7.0
2980,7.0
2981,6.0
2982,6.0
2983,7.0
2984,7.0
2985,7.0
2986,7.0
2987,7.0
2988,6.0
2989,7.0
2990,7.0
2991,7.0
2992,7.0
2993,8.0
2994,7.0
2995,7.0
2996,8.0
2997,7.0
2998,7.0
2999,7.0
3000,7.0
3001,7.0
3002,8.0
3003,8.0
3004,7.0
3005,7.0
3006,8.0
3007,7.0
3008,7.0
3009,7.0
3010,7.0
3011,7.0
3012,7.0
3013,7.0
3014,7.0
3015,8.0
3016,7.0
3017,7.0
3018,7.0
3019,7.0
3020,8.0
3021,7.0
3022,8.0
3023,8.0
3024,8.0
3025,8.0
3026,8.0
3027,7.0
3028,6.0
3029,1.0
3030,6.0
3031,3.0
3032,7.0
3033,7.0
3034,2.0
3035,0.0
3036,0.0
3037,0.0
3038,0.0
3039,0.0
3040,0.0
3041,0.0
3042,0.0
3043,0.0
3044,0.0
3045,0.0
3046,0.0
3047,0.0
3048,0.0
3049,0.0
3050,0.0
3051,2.0
3052,6.0
3053,8.0
3054,7.0
3055,7.0
3056,7.0
3057,7.0
3058,8.0
3059,7.0
3060,7.0
3061,3.0
3062,4.0
3063,0.0
3064,0.0
3065,0.0
3066,0.0
3067,0.0
3068,0.0
3069,0.0
3070,0.0
3071,0.0
3072,2.0
3073,7.0
3074,6.0
3075,6.0
3076,4.0
3077,7.0
3078,7.0
3079,6.0
3080,7.0
3081,7.0
3082,7.0
3083,7.0
3084,7.0
3085,7.0
3086,6.0
3087,7.0
3088,7.0
3089,7.0
3090,7.0
3091,7.0
3092,5.0
3093,0.0
3094,0.0
3095,6.0
3096,0.0
3097,0.0
3098,0.0
3099,2.0
3100,4.0
3101,4.0
3102,3.0
3103,3.0
3104,3.0
3105,2.0
3106,0.0
3107,3.0
3108,0.0
3109,1.0
3110,0.0
3111,0.0
3112,0.0
3113,0.0
3114,0.0
3115,0.0
3116,0.0
3117,0.0
3118,0.0
3119,0.0
3120,1.0
3121,0.0
3122,0.0
3123,1.0
3124,4.0
3125,2.0
3126,2.0
3127,3.0
3128,2.0
3129,1.0
3130,0.0
3131,2.0
3132,0.0
3133,0.0
3134,0.0
3135,0.0
3136,1.0
3137,1.0
3138,0.0
3139,0.0
3140,0.0
3141,0.0
3142,0.0
3143,0.0
3144,0.0
3145,0.0
3146,0.0
3147,0.0
3148,1.0
3149,2.0
3150,6.0
3151,3.0
3152,3.0
3153,6.0
3154,7.0
3155,7.0
3156,8.0
3157,7.0
3158,7.0
3159,7.0
3160,7.0
3161,7.0
3162,7.0
3163,7.0
3164,6.0
3165,7.0
3166,4.0
3167,7.0
3168,3.0
3169,5.0
3170,6.0
3171,4.0
3172,1.0
3173,0.0
3174,1.0
3175,3.0
3176,4.0
3177,5.0
3178,4.0
3179,3.0
3180,3.0
3181,4.0
3182,7.0
3183,8.0
3184,5.0
3185,2.0
3186,4.0
3187,4.0
3188,3.0
3189,0.0
3190,0.0
3191,1.0
3192,3.0
3193,4.0
3194,5.0
3195,4.0
3196,3.0
3197,3.0
3198,3.0
3199,2.0
3200,0.0
3201,0.0
3202,0.0
3203,1.0
3204,3.0
3205,1.0
3206,3.0
3207,7.0
3208,7.0
3209,7.0
3210,7.0
3211,7.0
3212,7.0
3213,8.0
3214,8.0
3215,7.0
3216,7.0
3217,7.0
3218,7.0
3219,7.0
3220,7.0
3221,6.0
3222,6.0
3223,7.0
3224,7.0
3225,7.0
3226,7.0
3227,7.0
3228,6.0
3229,7.0
3230,7.0
3231,7.0
3232,7.0
3233,8.0
3234,7.0
3235,7.0
3236,8.0
3237,7.0
3238,7.0
3239,7.0
3240,7.0
3241,7.0
3242,8.0
3243,8.0
3244,7.0
3245,7.0
3246,8.0
3247,7.0
3248,7.0
3249,7.0
3250,7.0
3251,7.0
3252,7.0
3253,7.0
3254,7.0
3255,8.0
3256,7.0
3257,7.0
3258,7.0
3259,7.0
3260,8.0
3261,7.0
3262,8.0
3263,8.0
3264,8.0
3265,8.0
3266,8.0
3267,7.0
3268,6.0
3269,1.0
3270,6.0
3271,3.0
3272,7.0
3273,7.0
3274,2.0
3275,0.0
3276,0.0
3277,0.0
3278,0.0
3279,0.0
3280,0.0
3281,0.0
3282,0.0
3283,0.0
3284,0.0
3285,0.0
3286,0.0
3287,0.0
3288,0.0
3289,0.0
3290,0.0
3291,2.0
3292,6.0
3293,8.0
3294,7.0
3295,7.0
3296,7.0
3297,7.0
3298,8.0
3299,7.0
3300,7.0
3301,3.0
3302,4.0
3303,0.0
3304,0.0
3305,0.0
3306,0.0
3307,0.0
3308,0.0
3309,0.0
3310,0.0
3311,0.0
3312,2.0
3313,7.0
3314,6.0
3315,6.0
3316,4.0
3317,7.0
3318,7.0
3319,6.0
3320,7.0
3321,7.0
3322,7.0
3323,7.0
3324,7.0
3325,7.0
3326,6.0
3327,7.0
3328,7.0
3329,7.0
3330,7.0
3331,7.0
3332,5.0
3333,0.0
3334,0.0
3335,6.0
3336,0.0
3337,0.0
3338,0.0
3339,2.0
3340,4.0
3341,4.0
3342,3.0
3343,3.0
3344,3.0
3345,2.0
3346,0.0
3347,3.0
3348,0.0
3349,1.0
3350,0.0
3351,0.0
3352,0.0
3353,0.0
3354,0.0
3355,0.0
3356,0.0
3357,0.0
3358,0.0
3359,0.0
