ID,transaction_date,store_id,product_id
0,2024-06-01,ST1,1
1,2024-06-01,ST1,2
2,2024-06-01,ST1,3
3,2024-06-01,ST1,4
4,2024-06-01,ST1,5
5,2024-06-01,ST1,6
6,2024-06-01,ST1,7
7,2024-06-01,ST1,8
8,2024-06-01,ST1,9
9,2024-06-01,ST1,10
10,2024-06-01,ST1,11
11,2024-06-01,ST1,12
12,2024-06-01,ST1,13
13,2024-06-01,ST1,14
14,2024-06-01,ST1,15
15,2024-06-01,ST1,16
16,2024-06-01,ST1,17
17,2024-06-01,ST1,18
18,2024-06-01,ST1,19
19,2024-06-01,ST1,20
20,2024-06-01,ST1,21
21,2024-06-01,ST1,22
22,2024-06-01,ST1,23
23,2024-06-01,ST1,24
24,2024-06-01,ST1,25
25,2024-06-01,ST1,26
26,2024-06-01,ST1,27
27,2024-06-01,ST1,28
28,2024-06-01,ST1,29
29,2024-06-01,ST1,30
30,2024-06-01,ST1,31
31,2024-06-01,ST1,32
32,2024-06-01,ST1,33
33,2024-06-01,ST1,34
34,2024-06-01,ST1,35
35,2024-06-01,ST1,36
36,2024-06-01,ST1,37
37,2024-06-01,ST1,38
38,2024-06-01,ST1,39
39,2024-06-01,ST1,40
40,2024-06-01,ST1,41
41,2024-06-01,ST1,42
42,2024-06-01,ST1,43
43,2024-06-01,ST1,44
44,2024-06-01,ST1,45
45,2024-06-01,ST1,46
46,2024-06-01,ST1,47
47,2024-06-01,ST1,48
48,2024-06-01,ST1,49
49,2024-06-01,ST1,50
50,2024-06-01,ST1,51
51,2024-06-01,ST1,52
52,2024-06-01,ST1,53
53,2024-06-01,ST1,54
54,2024-06-01,ST1,55
55,2024-06-01,ST1,56
56,2024-06-01,ST1,57
57,2024-06-01,ST1,58
58,2024-06-01,ST1,59
59,2024-06-01,ST1,60
60,2024-06-01,ST1,61
61,2024-06-01,ST1,63
62,2024-06-01,ST1,64
63,2024-06-01,ST1,65
64,2024-06-01,ST1,69
65,2024-06-01,ST1,70
66,2024-06-01,ST1,71
67,2024-06-01,ST1,72
68,2024-06-01,ST1,73
69,2024-06-01,ST1,74
70,2024-06-01,ST1,75
71,2024-06-01,ST1,76
72,2024-06-01,ST1,77
73,2024-06-01,ST1,78
74,2024-06-01,ST1,79
75,2024-06-01,ST1,81
76,2024-06-01,ST1,82
77,2024-06-01,ST1,83
78,2024-06-01,ST1,84
79,2024-06-01,ST1,87
80,2024-06-01,ST2,1
81,2024-06-01,ST2,2
82,2024-06-01,ST2,3
83,2024-06-01,ST2,4
84,2024-06-01,ST2,5
85,2024-06-01,ST2,6
86,2024-06-01,ST2,7
87,2024-06-01,ST2,8
88,2024-06-01,ST2,9
89,2024-06-01,ST2,10
90,2024-06-01,ST2,11
91,2024-06-01,ST2,12
92,2024-06-01,ST2,13
93,2024-06-01,ST2,14
94,2024-06-01,ST2,15
95,2024-06-01,ST2,16
96,2024-06-01,ST2,17
97,2024-06-01,ST2,18
98,2024-06-01,ST2,19
99,2024-06-01,ST2,20
100,2024-06-01,ST2,21
101,2024-06-01,ST2,22
102,2024-06-01,ST2,23
103,2024-06-01,ST2,24
104,2024-06-01,ST2,25
105,2024-06-01,ST2,26
106,2024-06-01,ST2,27
107,2024-06-01,ST2,28
108,2024-06-01,ST2,29
109,2024-06-01,ST2,30
110,2024-06-01,ST2,31
111,2024-06-01,ST2,32
112,2024-06-01,ST2,33
113,2024-06-01,ST2,34
114,2024-06-01,ST2,35
115,2024-06-01,ST2,36
116,2024-06-01,ST2,37
117,2024-06-01,ST2,38
118,2024-06-01,ST2,39
119,2024-06-01,ST2,40
120,2024-06-01,ST2,41
121,2024-06-01,ST2,42
122,2024-06-01,ST2,43
123,2024-06-01,ST2,44
124,2024-06-01,ST2,45
125,2024-06-01,ST2,46
126,2024-06-01,ST2,47
127,2024-06-01,ST2,48
128,2024-06-01,ST2,49
129,2024-06-01,ST2,50
130,2024-06-01,ST2,51
131,2024-06-01,ST2,52
132,2024-06-01,ST2,53
133,2024-06-01,ST2,54
134,2024-06-01,ST2,55
135,2024-06-01,ST2,56
136,2024-06-01,ST2,57
137,2024-06-01,ST2,58
138,2024-06-01,ST2,59
139,2024-06-01,ST2,60
140,2024-06-01,ST2,61
141,2024-06-01,ST2,63
142,2024-06-01,ST2,64
143,2024-06-01,ST2,65
144,2024-06-01,ST2,69
145,2024-06-01,ST2,70
146,2024-06-01,ST2,71
147,2024-06-01,ST2,72
148,2024-06-01,ST2,73
149,2024-06-01,ST2,74
150,2024-06-01,ST2,75
151,2024-06-01,ST2,76
152,2024-06-01,ST2,77
153,2024-06-01,ST2,78
154,2024-06-01,ST2,79
155,2024-06-01,ST2,81
156,2024-06-01,ST2,82
157,2024-06-01,ST2,83
158,2024-06-01,ST2,84
159,2024-06-01,ST2,87
160,2024-06-01,ST3,1
161,2024-06-01,ST3,2
162,2024-06-01,ST3,3
163,2024-06-01,ST3,4
164,2024-06-01,ST3,5
165,2024-06-01,ST3,6
166,2024-06-01,ST3,7
167,2024-06-01,ST3,8
168,2024-06-01,ST3,9
169,2024-06-01,ST3,10
170,2024-06-01,ST3,11
171,2024-06-01,ST3,12
172,2024-06-01,ST3,13
173,2024-06-01,ST3,14
174,2024-06-01,ST3,15
175,2024-06-01,ST3,16
176,2024-06-01,ST3,17
177,2024-06-01,ST3,18
178,2024-06-01,ST3,19
179,2024-06-01,ST3,20
180,2024-06-01,ST3,21
181,2024-06-01,ST3,22
182,2024-06-01,ST3,23
183,2024-06-01,ST3,24
184,2024-06-01,ST3,25
185,2024-06-01,ST3,26
186,2024-06-01,ST3,27
187,2024-06-01,ST3,28
188,2024-06-01,ST3,29
189,2024-06-01,ST3,30
190,2024-06-01,ST3,31
191,2024-06-01,ST3,32
192,2024-06-01,ST3,33
193,2024-06-01,ST3,34
194,2024-06-01,ST3,35
195,2024-06-01,ST3,36
196,2024-06-01,ST3,37
197,2024-06-01,ST3,38
198,2024-06-01,ST3,39
199,2024-06-01,ST3,40
200,2024-06-01,ST3,41
201,2024-06-01,ST3,42
202,2024-06-01,ST3,43
203,2024-06-01,ST3,44
204,2024-06-01,ST3,45
205,2024-06-01,ST3,46
206,2024-06-01,ST3,47
207,2024-06-01,ST3,48
208,2024-06-01,ST3,49
209,2024-06-01,ST3,50
210,2024-06-01,ST3,51
211,2024-06-01,ST3,52
212,2024-06-01,ST3,53
213,2024-06-01,ST3,54
214,2024-06-01,ST3,55
215,2024-06-01,ST3,56
216,2024-06-01,ST3,57
217,2024-06-01,ST3,58
218,2024-06-01,ST3,59
219,2024-06-01,ST3,60
220,2024-06-01,ST3,61
221,2024-06-01,ST3,63
222,2024-06-01,ST3,64
223,2024-06-01,ST3,65
224,2024-06-01,ST3,69
225,2024-06-01,ST3,70
226,2024-06-01,ST3,71
227,2024-06-01,ST3,72
228,2024-06-01,ST3,73
229,2024-06-01,ST3,74
230,2024-06-01,ST3,75
231,2024-06-01,ST3,76
232,2024-06-01,ST3,77
233,2024-06-01,ST3,78
234,2024-06-01,ST3,79
235,2024-06-01,ST3,81
236,2024-06-01,ST3,82
237,2024-06-01,ST3,83
238,2024-06-01,ST3,84
239,2024-06-01,ST3,87
240,2024-06-02,ST1,1
241,2024-06-02,ST1,2
242,2024-06-02,ST1,3
243,2024-06-02,ST1,4
244,2024-06-02,ST1,5
245,2024-06-02,ST1,6
246,2024-06-02,ST1,7
247,2024-06-02,ST1,8
248,2024-06-02,ST1,9
249,2024-06-02,ST1,10
250,2024-06-02,ST1,11
251,2024-06-02,ST1,12
252,2024-06-02,ST1,13
253,2024-06-02,ST1,14
254,2024-06-02,ST1,15
255,2024-06-02,ST1,16
256,2024-06-02,ST1,17
257,2024-06-02,ST1,18
258,2024-06-02,ST1,19
259,2024-06-02,ST1,20
260,2024-06-02,ST1,21
261,2024-06-02,ST1,22
262,2024-06-02,ST1,23
263,2024-06-02,ST1,24
264,2024-06-02,ST1,25
265,2024-06-02,ST1,26
266,2024-06-02,ST1,27
267,2024-06-02,ST1,28
268,2024-06-02,ST1,29
269,2024-06-02,ST1,30
270,2024-06-02,ST1,31
271,2024-06-02,ST1,32
272,2024-06-02,ST1,33
273,2024-06-02,ST1,34
274,2024-06-02,ST1,35
275,2024-06-02,ST1,36
276,2024-06-02,ST1,37
277,2024-06-02,ST1,38
278,2024-06-02,ST1,39
279,2024-06-02,ST1,40
280,2024-06-02,ST1,41
281,2024-06-02,ST1,42
282,2024-06-02,ST1,43
283,2024-06-02,ST1,44
284,2024-06-02,ST1,45
285,2024-06-02,ST1,46
286,2024-06-02,ST1,47
287,2024-06-02,ST1,48
288,2024-06-02,ST1,49
289,2024-06-02,ST1,50
290,2024-06-02,ST1,51
291,2024-06-02,ST1,52
292,2024-06-02,ST1,53
293,2024-06-02,ST1,54
294,2024-06-02,ST1,55
295,2024-06-02,ST1,56
296,2024-06-02,ST1,57
297,2024-06-02,ST1,58
298,2024-06-02,ST1,59
299,2024-06-02,ST1,60
300,2024-06-02,ST1,61
301,2024-06-02,ST1,63
302,2024-06-02,ST1,64
303,2024-06-02,ST1,65
304,2024-06-02,ST1,69
305,2024-06-02,ST1,70
306,2024-06-02,ST1,71
307,2024-06-02,ST1,72
308,2024-06-02,ST1,73
309,2024-06-02,ST1,74
310,2024-06-02,ST1,75
311,2024-06-02,ST1,76
312,2024-06-02,ST1,77
313,2024-06-02,ST1,78
314,2024-06-02,ST1,79
315,2024-06-02,ST1,81
316,2024-06-02,ST1,82
317,2024-06-02,ST1,83
318,2024-06-02,ST1,84
319,2024-06-02,ST1,87
320,2024-06-02,ST2,1
321,2024-06-02,ST2,2
322,2024-06-02,ST2,3
323,2024-06-02,ST2,4
324,2024-06-02,ST2,5
325,2024-06-02,ST2,6
326,2024-06-02,ST2,7
327,2024-06-02,ST2,8
328,2024-06-02,ST2,9
329,2024-06-02,ST2,10
330,2024-06-02,ST2,11
331,2024-06-02,ST2,12
332,2024-06-02,ST2,13
333,2024-06-02,ST2,14
334,2024-06-02,ST2,15
335,2024-06-02,ST2,16
336,2024-06-02,ST2,17
337,2024-06-02,ST2,18
338,2024-06-02,ST2,19
339,2024-06-02,ST2,20
340,2024-06-02,ST2,21
341,2024-06-02,ST2,22
342,2024-06-02,ST2,23
343,2024-06-02,ST2,24
344,2024-06-02,ST2,25
345,2024-06-02,ST2,26
346,2024-06-02,ST2,27
347,2024-06-02,ST2,28
348,2024-06-02,ST2,29
349,2024-06-02,ST2,30
350,2024-06-02,ST2,31
351,2024-06-02,ST2,32
352,2024-06-02,ST2,33
353,2024-06-02,ST2,34
354,2024-06-02,ST2,35
355,2024-06-02,ST2,36
356,2024-06-02,ST2,37
357,2024-06-02,ST2,38
358,2024-06-02,ST2,39
359,2024-06-02,ST2,40
360,2024-06-02,ST2,41
361,2024-06-02,ST2,42
362,2024-06-02,ST2,43
363,2024-06-02,ST2,44
364,2024-06-02,ST2,45
365,2024-06-02,ST2,46
366,2024-06-02,ST2,47
367,2024-06-02,ST2,48
368,2024-06-02,ST2,49
369,2024-06-02,ST2,50
370,2024-06-02,ST2,51
371,2024-06-02,ST2,52
372,2024-06-02,ST2,53
373,2024-06-02,ST2,54
374,2024-06-02,ST2,55
375,2024-06-02,ST2,56
376,2024-06-02,ST2,57
377,2024-06-02,ST2,58
378,2024-06-02,ST2,59
379,2024-06-02,ST2,60
380,2024-06-02,ST2,61
381,2024-06-02,ST2,63
382,2024-06-02,ST2,64
383,2024-06-02,ST2,65
384,2024-06-02,ST2,69
385,2024-06-02,ST2,70
386,2024-06-02,ST2,71
387,2024-06-02,ST2,72
388,2024-06-02,ST2,73
389,2024-06-02,ST2,74
390,2024-06-02,ST2,75
391,2024-06-02,ST2,76
392,2024-06-02,ST2,77
393,2024-06-02,ST2,78
394,2024-06-02,ST2,79
395,2024-06-02,ST2,81
396,2024-06-02,ST2,82
397,2024-06-02,ST2,83
398,2024-06-02,ST2,84
399,2024-06-02,ST2,87
400,2024-06-02,ST3,1
401,2024-06-02,ST3,2
402,2024-06-02,ST3,3
403,2024-06-02,ST3,4
404,2024-06-02,ST3,5
405,2024-06-02,ST3,6
406,2024-06-02,ST3,7
407,2024-06-02,ST3,8
408,2024-06-02,ST3,9
409,2024-06-02,ST3,10
410,2024-06-02,ST3,11
411,2024-06-02,ST3,12
412,2024-06-02,ST3,13
413,2024-06-02,ST3,14
414,2024-06-02,ST3,15
415,2024-06-02,ST3,16
416,2024-06-02,ST3,17
417,2024-06-02,ST3,18
418,2024-06-02,ST3,19
419,2024-06-02,ST3,20
420,2024-06-02,ST3,21
421,2024-06-02,ST3,22
422,2024-06-02,ST3,23
423,2024-06-02,ST3,24
424,2024-06-02,ST3,25
425,2024-06-02,ST3,26
426,2024-06-02,ST3,27
427,2024-06-02,ST3,28
428,2024-06-02,ST3,29
429,2024-06-02,ST3,30
430,2024-06-02,ST3,31
431,2024-06-02,ST3,32
432,2024-06-02,ST3,33
433,2024-06-02,ST3,34
434,2024-06-02,ST3,35
435,2024-06-02,ST3,36
436,2024-06-02,ST3,37
437,2024-06-02,ST3,38
438,2024-06-02,ST3,39
439,2024-06-02,ST3,40
440,2024-06-02,ST3,41
441,2024-06-02,ST3,42
442,2024-06-02,ST3,43
443,2024-06-02,ST3,44
444,2024-06-02,ST3,45
445,2024-06-02,ST3,46
446,2024-06-02,ST3,47
447,2024-06-02,ST3,48
448,2024-06-02,ST3,49
449,2024-06-02,ST3,50
450,2024-06-02,ST3,51
451,2024-06-02,ST3,52
452,2024-06-02,ST3,53
453,2024-06-02,ST3,54
454,2024-06-02,ST3,55
455,2024-06-02,ST3,56
456,2024-06-02,ST3,57
457,2024-06-02,ST3,58
458,2024-06-02,ST3,59
459,2024-06-02,ST3,60
460,2024-06-02,ST3,61
461,2024-06-02,ST3,63
462,2024-06-02,ST3,64
463,2024-06-02,ST3,65
464,2024-06-02,ST3,69
465,2024-06-02,ST3,70
466,2024-06-02,ST3,71
467,2024-06-02,ST3,72
468,2024-06-02,ST3,73
469,2024-06-02,ST3,74
470,2024-06-02,ST3,75
471,2024-06-02,ST3,76
472,2024-06-02,ST3,77
473,2024-06-02,ST3,78
474,2024-06-02,ST3,79
475,2024-06-02,ST3,81
476,2024-06-02,ST3,82
477,2024-06-02,ST3,83
478,2024-06-02,ST3,84
479,2024-06-02,ST3,87
480,2024-06-03,ST1,1
481,2024-06-03,ST1,2
482,2024-06-03,ST1,3
483,2024-06-03,ST1,4
484,2024-06-03,ST1,5
485,2024-06-03,ST1,6
486,2024-06-03,ST1,7
487,2024-06-03,ST1,8
488,2024-06-03,ST1,9
489,2024-06-03,ST1,10
490,2024-06-03,ST1,11
491,2024-06-03,ST1,12
492,2024-06-03,ST1,13
493,2024-06-03,ST1,14
494,2024-06-03,ST1,15
495,2024-06-03,ST1,16
496,2024-06-03,ST1,17
497,2024-06-03,ST1,18
498,2024-06-03,ST1,19
499,2024-06-03,ST1,20
500,2024-06-03,ST1,21
501,2024-06-03,ST1,22
502,2024-06-03,ST1,23
503,2024-06-03,ST1,24
504,2024-06-03,ST1,25
505,2024-06-03,ST1,26
506,2024-06-03,ST1,27
507,2024-06-03,ST1,28
508,2024-06-03,ST1,29
509,2024-06-03,ST1,30
510,2024-06-03,ST1,31
511,2024-06-03,ST1,32
512,2024-06-03,ST1,33
513,2024-06-03,ST1,34
514,2024-06-03,ST1,35
515,2024-06-03,ST1,36
516,2024-06-03,ST1,37
517,2024-06-03,ST1,38
518,2024-06-03,ST1,39
519,2024-06-03,ST1,40
520,2024-06-03,ST1,41
521,2024-06-03,ST1,42
522,2024-06-03,ST1,43
523,2024-06-03,ST1,44
524,2024-06-03,ST1,45
525,2024-06-03,ST1,46
526,2024-06-03,ST1,47
527,2024-06-03,ST1,48
528,2024-06-03,ST1,49
529,2024-06-03,ST1,50
530,2024-06-03,ST1,51
531,2024-06-03,ST1,52
532,2024-06-03,ST1,53
533,2024-06-03,ST1,54
534,2024-06-03,ST1,55
535,2024-06-03,ST1,56
536,2024-06-03,ST1,57
537,2024-06-03,ST1,58
538,2024-06-03,ST1,59
539,2024-06-03,ST1,60
540,2024-06-03,ST1,61
541,2024-06-03,ST1,63
542,2024-06-03,ST1,64
543,2024-06-03,ST1,65
544,2024-06-03,ST1,69
545,2024-06-03,ST1,70
546,2024-06-03,ST1,71
547,2024-06-03,ST1,72
548,2024-06-03,ST1,73
549,2024-06-03,ST1,74
550,2024-06-03,ST1,75
551,2024-06-03,ST1,76
552,2024-06-03,ST1,77
553,2024-06-03,ST1,78
554,2024-06-03,ST1,79
555,2024-06-03,ST1,81
556,2024-06-03,ST1,82
557,2024-06-03,ST1,83
558,2024-06-03,ST1,84
559,2024-06-03,ST1,87
560,2024-06-03,ST2,1
561,2024-06-03,ST2,2
562,2024-06-03,ST2,3
563,2024-06-03,ST2,4
564,2024-06-03,ST2,5
565,2024-06-03,ST2,6
566,2024-06-03,ST2,7
567,2024-06-03,ST2,8
568,2024-06-03,ST2,9
569,2024-06-03,ST2,10
570,2024-06-03,ST2,11
571,2024-06-03,ST2,12
572,2024-06-03,ST2,13
573,2024-06-03,ST2,14
574,2024-06-03,ST2,15
575,2024-06-03,ST2,16
576,2024-06-03,ST2,17
577,2024-06-03,ST2,18
578,2024-06-03,ST2,19
579,2024-06-03,ST2,20
580,2024-06-03,ST2,21
581,2024-06-03,ST2,22
582,2024-06-03,ST2,23
583,2024-06-03,ST2,24
584,2024-06-03,ST2,25
585,2024-06-03,ST2,26
586,2024-06-03,ST2,27
587,2024-06-03,ST2,28
588,2024-06-03,ST2,29
589,2024-06-03,ST2,30
590,2024-06-03,ST2,31
591,2024-06-03,ST2,32
592,2024-06-03,ST2,33
593,2024-06-03,ST2,34
594,2024-06-03,ST2,35
595,2024-06-03,ST2,36
596,2024-06-03,ST2,37
597,2024-06-03,ST2,38
598,2024-06-03,ST2,39
599,2024-06-03,ST2,40
600,2024-06-03,ST2,41
601,2024-06-03,ST2,42
602,2024-06-03,ST2,43
603,2024-06-03,ST2,44
604,2024-06-03,ST2,45
605,2024-06-03,ST2,46
606,2024-06-03,ST2,47
607,2024-06-03,ST2,48
608,2024-06-03,ST2,49
609,2024-06-03,ST2,50
610,2024-06-03,ST2,51
611,2024-06-03,ST2,52
612,2024-06-03,ST2,53
613,2024-06-03,ST2,54
614,2024-06-03,ST2,55
615,2024-06-03,ST2,56
616,2024-06-03,ST2,57
617,2024-06-03,ST2,58
618,2024-06-03,ST2,59
619,2024-06-03,ST2,60
620,2024-06-03,ST2,61
621,2024-06-03,ST2,63
622,2024-06-03,ST2,64
623,2024-06-03,ST2,65
624,2024-06-03,ST2,69
625,2024-06-03,ST2,70
626,2024-06-03,ST2,71
627,2024-06-03,ST2,72
628,2024-06-03,ST2,73
629,2024-06-03,ST2,74
630,2024-06-03,ST2,75
631,2024-06-03,ST2,76
632,2024-06-03,ST2,77
633,2024-06-03,ST2,78
634,2024-06-03,ST2,79
635,2024-06-03,ST2,81
636,2024-06-03,ST2,82
637,2024-06-03,ST2,83
638,2024-06-03,ST2,84
639,2024-06-03,ST2,87
640,2024-06-03,ST3,1
641,2024-06-03,ST3,2
642,2024-06-03,ST3,3
643,2024-06-03,ST3,4
644,2024-06-03,ST3,5
645,2024-06-03,ST3,6
646,2024-06-03,ST3,7
647,2024-06-03,ST3,8
648,2024-06-03,ST3,9
649,2024-06-03,ST3,10
650,2024-06-03,ST3,11
651,2024-06-03,ST3,12
652,2024-06-03,ST3,13
653,2024-06-03,ST3,14
654,2024-06-03,ST3,15
655,2024-06-03,ST3,16
656,2024-06-03,ST3,17
657,2024-06-03,ST3,18
658,2024-06-03,ST3,19
659,2024-06-03,ST3,20
660,2024-06-03,ST3,21
661,2024-06-03,ST3,22
662,2024-06-03,ST3,23
663,2024-06-03,ST3,24
664,2024-06-03,ST3,25
665,2024-06-03,ST3,26
666,2024-06-03,ST3,27
667,2024-06-03,ST3,28
668,2024-06-03,ST3,29
669,2024-06-03,ST3,30
670,2024-06-03,ST3,31
671,2024-06-03,ST3,32
672,2024-06-03,ST3,33
673,2024-06-03,ST3,34
674,2024-06-03,ST3,35
675,2024-06-03,ST3,36
676,2024-06-03,ST3,37
677,2024-06-03,ST3,38
678,2024-06-03,ST3,39
679,2024-06-03,ST3,40
680,2024-06-03,ST3,41
681,2024-06-03,ST3,42
682,2024-06-03,ST3,43
683,2024-06-03,ST3,44
684,2024-06-03,ST3,45
685,2024-06-03,ST3,46
686,2024-06-03,ST3,47
687,2024-06-03,ST3,48
688,2024-06-03,ST3,49
689,2024-06-03,ST3,50
690,2024-06-03,ST3,51
691,2024-06-03,ST3,52
692,2024-06-03,ST3,53
693,2024-06-03,ST3,54
694,2024-06-03,ST3,55
695,2024-06-03,ST3,56
696,2024-06-03,ST3,57
697,2024-06-03,ST3,58
698,2024-06-03,ST3,59
699,2024-06-03,ST3,60
700,2024-06-03,ST3,61
701,2024-06-03,ST3,63
702,2024-06-03,ST3,64
703,2024-06-03,ST3,65
704,2024-06-03,ST3,69
705,2024-06-03,ST3,70
706,2024-06-03,ST3,71
707,2024-06-03,ST3,72
708,2024-06-03,ST3,73
709,2024-06-03,ST3,74
710,2024-06-03,ST3,75
711,2024-06-03,ST3,76
712,2024-06-03,ST3,77
713,2024-06-03,ST3,78
714,2024-06-03,ST3,79
715,2024-06-03,ST3,81
716,2024-06-03,ST3,82
717,2024-06-03,ST3,83
718,2024-06-03,ST3,84
719,2024-06-03,ST3,87
720,2024-06-04,ST1,1
721,2024-06-04,ST1,2
722,2024-06-04,ST1,3
723,2024-06-04,ST1,4
724,2024-06-04,ST1,5
725,2024-06-04,ST1,6
726,2024-06-04,ST1,7
727,2024-06-04,ST1,8
728,2024-06-04,ST1,9
729,2024-06-04,ST1,10
730,2024-06-04,ST1,11
731,2024-06-04,ST1,12
732,2024-06-04,ST1,13
733,2024-06-04,ST1,14
734,2024-06-04,ST1,15
735,2024-06-04,ST1,16
736,2024-06-04,ST1,17
737,2024-06-04,ST1,18
738,2024-06-04,ST1,19
739,2024-06-04,ST1,20
740,2024-06-04,ST1,21
741,2024-06-04,ST1,22
742,2024-06-04,ST1,23
743,2024-06-04,ST1,24
744,2024-06-04,ST1,25
745,2024-06-04,ST1,26
746,2024-06-04,ST1,27
747,2024-06-04,ST1,28
748,2024-06-04,ST1,29
749,2024-06-04,ST1,30
750,2024-06-04,ST1,31
751,2024-06-04,ST1,32
752,2024-06-04,ST1,33
753,2024-06-04,ST1,34
754,2024-06-04,ST1,35
755,2024-06-04,ST1,36
756,2024-06-04,ST1,37
757,2024-06-04,ST1,38
758,2024-06-04,ST1,39
759,2024-06-04,ST1,40
760,2024-06-04,ST1,41
761,2024-06-04,ST1,42
762,2024-06-04,ST1,43
763,2024-06-04,ST1,44
764,2024-06-04,ST1,45
765,2024-06-04,ST1,46
766,2024-06-04,ST1,47
767,2024-06-04,ST1,48
768,2024-06-04,ST1,49
769,2024-06-04,ST1,50
770,2024-06-04,ST1,51
771,2024-06-04,ST1,52
772,2024-06-04,ST1,53
773,2024-06-04,ST1,54
774,2024-06-04,ST1,55
775,2024-06-04,ST1,56
776,2024-06-04,ST1,57
777,2024-06-04,ST1,58
778,2024-06-04,ST1,59
779,2024-06-04,ST1,60
780,2024-06-04,ST1,61
781,2024-06-04,ST1,63
782,2024-06-04,ST1,64
783,2024-06-04,ST1,65
784,2024-06-04,ST1,69
785,2024-06-04,ST1,70
786,2024-06-04,ST1,71
787,2024-06-04,ST1,72
788,2024-06-04,ST1,73
789,2024-06-04,ST1,74
790,2024-06-04,ST1,75
791,2024-06-04,ST1,76
792,2024-06-04,ST1,77
793,2024-06-04,ST1,78
794,2024-06-04,ST1,79
795,2024-06-04,ST1,81
796,2024-06-04,ST1,82
797,2024-06-04,ST1,83
798,2024-06-04,ST1,84
799,2024-06-04,ST1,87
800,2024-06-04,ST2,1
801,2024-06-04,ST2,2
802,2024-06-04,ST2,3
803,2024-06-04,ST2,4
804,2024-06-04,ST2,5
805,2024-06-04,ST2,6
806,2024-06-04,ST2,7
807,2024-06-04,ST2,8
808,2024-06-04,ST2,9
809,2024-06-04,ST2,10
810,2024-06-04,ST2,11
811,2024-06-04,ST2,12
812,2024-06-04,ST2,13
813,2024-06-04,ST2,14
814,2024-06-04,ST2,15
815,2024-06-04,ST2,16
816,2024-06-04,ST2,17
817,2024-06-04,ST2,18
818,2024-06-04,ST2,19
819,2024-06-04,ST2,20
820,2024-06-04,ST2,21
821,2024-06-04,ST2,22
822,2024-06-04,ST2,23
823,2024-06-04,ST2,24
824,2024-06-04,ST2,25
825,2024-06-04,ST2,26
826,2024-06-04,ST2,27
827,2024-06-04,ST2,28
828,2024-06-04,ST2,29
829,2024-06-04,ST2,30
830,2024-06-04,ST2,31
831,2024-06-04,ST2,32
832,2024-06-04,ST2,33
833,2024-06-04,ST2,34
834,2024-06-04,ST2,35
835,2024-06-04,ST2,36
836,2024-06-04,ST2,37
837,2024-06-04,ST2,38
838,2024-06-04,ST2,39
839,2024-06-04,ST2,40
840,2024-06-04,ST2,41
841,2024-06-04,ST2,42
842,2024-06-04,ST2,43
843,2024-06-04,ST2,44
844,2024-06-04,ST2,45
845,2024-06-04,ST2,46
846,2024-06-04,ST2,47
847,2024-06-04,ST2,48
848,2024-06-04,ST2,49
849,2024-06-04,ST2,50
850,2024-06-04,ST2,51
851,2024-06-04,ST2,52
852,2024-06-04,ST2,53
853,2024-06-04,ST2,54
854,2024-06-04,ST2,55
855,2024-06-04,ST2,56
856,2024-06-04,ST2,57
857,2024-06-04,ST2,58
858,2024-06-04,ST2,59
859,2024-06-04,ST2,60
860,2024-06-04,ST2,61
861,2024-06-04,ST2,63
862,2024-06-04,ST2,64
863,2024-06-04,ST2,65
864,2024-06-04,ST2,69
865,2024-06-04,ST2,70
866,2024-06-04,ST2,71
867,2024-06-04,ST2,72
868,2024-06-04,ST2,73
869,2024-06-04,ST2,74
870,2024-06-04,ST2,75
871,2024-06-04,ST2,76
872,2024-06-04,ST2,77
873,2024-06-04,ST2,78
874,2024-06-04,ST2,79
875,2024-06-04,ST2,81
876,2024-06-04,ST2,82
877,2024-06-04,ST2,83
878,2024-06-04,ST2,84
879,2024-06-04,ST2,87
880,2024-06-04,ST3,1
881,2024-06-04,ST3,2
882,2024-06-04,ST3,3
883,2024-06-04,ST3,4
884,2024-06-04,ST3,5
885,2024-06-04,ST3,6
886,2024-06-04,ST3,7
887,2024-06-04,ST3,8
888,2024-06-04,ST3,9
889,2024-06-04,ST3,10
890,2024-06-04,ST3,11
891,2024-06-04,ST3,12
892,2024-06-04,ST3,13
893,2024-06-04,ST3,14
894,2024-06-04,ST3,15
895,2024-06-04,ST3,16
896,2024-06-04,ST3,17
897,2024-06-04,ST3,18
898,2024-06-04,ST3,19
899,2024-06-04,ST3,20
900,2024-06-04,ST3,21
901,2024-06-04,ST3,22
902,2024-06-04,ST3,23
903,2024-06-04,ST3,24
904,2024-06-04,ST3,25
905,2024-06-04,ST3,26
906,2024-06-04,ST3,27
907,2024-06-04,ST3,28
908,2024-06-04,ST3,29
909,2024-06-04,ST3,30
910,2024-06-04,ST3,31
911,2024-06-04,ST3,32
912,2024-06-04,ST3,33
913,2024-06-04,ST3,34
914,2024-06-04,ST3,35
915,2024-06-04,ST3,36
916,2024-06-04,ST3,37
917,2024-06-04,ST3,38
918,2024-06-04,ST3,39
919,2024-06-04,ST3,40
920,2024-06-04,ST3,41
921,2024-06-04,ST3,42
922,2024-06-04,ST3,43
923,2024-06-04,ST3,44
924,2024-06-04,ST3,45
925,2024-06-04,ST3,46
926,2024-06-04,ST3,47
927,2024-06-04,ST3,48
928,2024-06-04,ST3,49
929,2024-06-04,ST3,50
930,2024-06-04,ST3,51
931,2024-06-04,ST3,52
932,2024-06-04,ST3,53
933,2024-06-04,ST3,54
934,2024-06-04,ST3,55
935,2024-06-04,ST3,56
936,2024-06-04,ST3,57
937,2024-06-04,ST3,58
938,2024-06-04,ST3,59
939,2024-06-04,ST3,60
940,2024-06-04,ST3,61
941,2024-06-04,ST3,63
942,2024-06-04,ST3,64
943,2024-06-04,ST3,65
944,2024-06-04,ST3,69
945,2024-06-04,ST3,70
946,2024-06-04,ST3,71
947,2024-06-04,ST3,72
948,2024-06-04,ST3,73
949,2024-06-04,ST3,74
950,2024-06-04,ST3,75
951,2024-06-04,ST3,76
952,2024-06-04,ST3,77
953,2024-06-04,ST3,78
954,2024-06-04,ST3,79
955,2024-06-04,ST3,81
956,2024-06-04,ST3,82
957,2024-06-04,ST3,83
958,2024-06-04,ST3,84
959,2024-06-04,ST3,87
960,2024-06-05,ST1,1
961,2024-06-05,ST1,2
962,2024-06-05,ST1,3
963,2024-06-05,ST1,4
964,2024-06-05,ST1,5
965,2024-06-05,ST1,6
966,2024-06-05,ST1,7
967,2024-06-05,ST1,8
968,2024-06-05,ST1,9
969,2024-06-05,ST1,10
970,2024-06-05,ST1,11
971,2024-06-05,ST1,12
972,2024-06-05,ST1,13
973,2024-06-05,ST1,14
974,2024-06-05,ST1,15
975,2024-06-05,ST1,16
976,2024-06-05,ST1,17
977,2024-06-05,ST1,18
978,2024-06-05,ST1,19
979,2024-06-05,ST1,20
980,2024-06-05,ST1,21
981,2024-06-05,ST1,22
982,2024-06-05,ST1,23
983,2024-06-05,ST1,24
984,2024-06-05,ST1,25
985,2024-06-05,ST1,26
986,2024-06-05,ST1,27
987,2024-06-05,ST1,28
988,2024-06-05,ST1,29
989,2024-06-05,ST1,30
990,2024-06-05,ST1,31
991,2024-06-05,ST1,32
992,2024-06-05,ST1,33
993,2024-06-05,ST1,34
994,2024-06-05,ST1,35
995,2024-06-05,ST1,36
996,2024-06-05,ST1,37
997,2024-06-05,ST1,38
998,2024-06-05,ST1,39
999,2024-06-05,ST1,40
1000,2024-06-05,ST1,41
1001,2024-06-05,ST1,42
1002,2024-06-05,ST1,43
1003,2024-06-05,ST1,44
1004,2024-06-05,ST1,45
1005,2024-06-05,ST1,46
1006,2024-06-05,ST1,47
1007,2024-06-05,ST1,48
1008,2024-06-05,ST1,49
1009,2024-06-05,ST1,50
1010,2024-06-05,ST1,51
1011,2024-06-05,ST1,52
1012,2024-06-05,ST1,53
1013,2024-06-05,ST1,54
1014,2024-06-05,ST1,55
1015,2024-06-05,ST1,56
1016,2024-06-05,ST1,57
1017,2024-06-05,ST1,58
1018,2024-06-05,ST1,59
1019,2024-06-05,ST1,60
1020,2024-06-05,ST1,61
1021,2024-06-05,ST1,63
1022,2024-06-05,ST1,64
1023,2024-06-05,ST1,65
1024,2024-06-05,ST1,69
1025,2024-06-05,ST1,70
1026,2024-06-05,ST1,71
1027,2024-06-05,ST1,72
1028,2024-06-05,ST1,73
1029,2024-06-05,ST1,74
1030,2024-06-05,ST1,75
1031,2024-06-05,ST1,76
1032,2024-06-05,ST1,77
1033,2024-06-05,ST1,78
1034,2024-06-05,ST1,79
1035,2024-06-05,ST1,81
1036,2024-06-05,ST1,82
1037,2024-06-05,ST1,83
1038,2024-06-05,ST1,84
1039,2024-06-05,ST1,87
1040,2024-06-05,ST2,1
1041,2024-06-05,ST2,2
1042,2024-06-05,ST2,3
1043,2024-06-05,ST2,4
1044,2024-06-05,ST2,5
1045,2024-06-05,ST2,6
1046,2024-06-05,ST2,7
1047,2024-06-05,ST2,8
1048,2024-06-05,ST2,9
1049,2024-06-05,ST2,10
1050,2024-06-05,ST2,11
1051,2024-06-05,ST2,12
1052,2024-06-05,ST2,13
1053,2024-06-05,ST2,14
1054,2024-06-05,ST2,15
1055,2024-06-05,ST2,16
1056,2024-06-05,ST2,17
1057,2024-06-05,ST2,18
1058,2024-06-05,ST2,19
1059,2024-06-05,ST2,20
1060,2024-06-05,ST2,21
1061,2024-06-05,ST2,22
1062,2024-06-05,ST2,23
1063,2024-06-05,ST2,24
1064,2024-06-05,ST2,25
1065,2024-06-05,ST2,26
1066,2024-06-05,ST2,27
1067,2024-06-05,ST2,28
1068,2024-06-05,ST2,29
1069,2024-06-05,ST2,30
1070,2024-06-05,ST2,31
1071,2024-06-05,ST2,32
1072,2024-06-05,ST2,33
1073,2024-06-05,ST2,34
1074,2024-06-05,ST2,35
1075,2024-06-05,ST2,36
1076,2024-06-05,ST2,37
1077,2024-06-05,ST2,38
1078,2024-06-05,ST2,39
1079,2024-06-05,ST2,40
1080,2024-06-05,ST2,41
1081,2024-06-05,ST2,42
1082,2024-06-05,ST2,43
1083,2024-06-05,ST2,44
1084,2024-06-05,ST2,45
1085,2024-06-05,ST2,46
1086,2024-06-05,ST2,47
1087,2024-06-05,ST2,48
1088,2024-06-05,ST2,49
1089,2024-06-05,ST2,50
1090,2024-06-05,ST2,51
1091,2024-06-05,ST2,52
1092,2024-06-05,ST2,53
1093,2024-06-05,ST2,54
1094,2024-06-05,ST2,55
1095,2024-06-05,ST2,56
1096,2024-06-05,ST2,57
1097,2024-06-05,ST2,58
1098,2024-06-05,ST2,59
1099,2024-06-05,ST2,60
1100,2024-06-05,ST2,61
1101,2024-06-05,ST2,63
1102,2024-06-05,ST2,64
1103,2024-06-05,ST2,65
1104,2024-06-05,ST2,69
1105,2024-06-05,ST2,70
1106,2024-06-05,ST2,71
1107,2024-06-05,ST2,72
1108,2024-06-05,ST2,73
1109,2024-06-05,ST2,74
1110,2024-06-05,ST2,75
1111,2024-06-05,ST2,76
1112,2024-06-05,ST2,77
1113,2024-06-05,ST2,78
1114,2024-06-05,ST2,79
1115,2024-06-05,ST2,81
1116,2024-06-05,ST2,82
1117,2024-06-05,ST2,83
1118,2024-06-05,ST2,84
1119,2024-06-05,ST2,87
1120,2024-06-05,ST3,1
1121,2024-06-05,ST3,2
1122,2024-06-05,ST3,3
1123,2024-06-05,ST3,4
1124,2024-06-05,ST3,5
1125,2024-06-05,ST3,6
1126,2024-06-05,ST3,7
1127,2024-06-05,ST3,8
1128,2024-06-05,ST3,9
1129,2024-06-05,ST3,10
1130,2024-06-05,ST3,11
1131,2024-06-05,ST3,12
1132,2024-06-05,ST3,13
1133,2024-06-05,ST3,14
1134,2024-06-05,ST3,15
1135,2024-06-05,ST3,16
1136,2024-06-05,ST3,17
1137,2024-06-05,ST3,18
1138,2024-06-05,ST3,19
1139,2024-06-05,ST3,20
1140,2024-06-05,ST3,21
1141,2024-06-05,ST3,22
1142,2024-06-05,ST3,23
1143,2024-06-05,ST3,24
1144,2024-06-05,ST3,25
1145,2024-06-05,ST3,26
1146,2024-06-05,ST3,27
1147,2024-06-05,ST3,28
1148,2024-06-05,ST3,29
1149,2024-06-05,ST3,30
1150,2024-06-05,ST3,31
1151,2024-06-05,ST3,32
1152,2024-06-05,ST3,33
1153,2024-06-05,ST3,34
1154,2024-06-05,ST3,35
1155,2024-06-05,ST3,36
1156,2024-06-05,ST3,37
1157,2024-06-05,ST3,38
1158,2024-06-05,ST3,39
1159,2024-06-05,ST3,40
1160,2024-06-05,ST3,41
1161,2024-06-05,ST3,42
1162,2024-06-05,ST3,43
1163,2024-06-05,ST3,44
1164,2024-06-05,ST3,45
1165,2024-06-05,ST3,46
1166,2024-06-05,ST3,47
1167,2024-06-05,ST3,48
1168,2024-06-05,ST3,49
1169,2024-06-05,ST3,50
1170,2024-06-05,ST3,51
1171,2024-06-05,ST3,52
1172,2024-06-05,ST3,53
1173,2024-06-05,ST3,54
1174,2024-06-05,ST3,55
1175,2024-06-05,ST3,56
1176,2024-06-05,ST3,57
1177,2024-06-05,ST3,58
1178,2024-06-05,ST3,59
1179,2024-06-05,ST3,60
1180,2024-06-05,ST3,61
1181,2024-06-05,ST3,63
1182,2024-06-05,ST3,64
1183,2024-06-05,ST3,65
1184,2024-06-05,ST3,69
1185,2024-06-05,ST3,70
1186,2024-06-05,ST3,71
1187,2024-06-05,ST3,72
1188,2024-06-05,ST3,73
1189,2024-06-05,ST3,74
1190,2024-06-05,ST3,75
1191,2024-06-05,ST3,76
1192,2024-06-05,ST3,77
1193,2024-06-05,ST3,78
1194,2024-06-05,ST3,79
1195,2024-06-05,ST3,81
1196,2024-06-05,ST3,82
1197,2024-06-05,ST3,83
1198,2024-06-05,ST3,84
1199,2024-06-05,ST3,87
1200,2024-06-06,ST1,1
1201,2024-06-06,ST1,2
1202,2024-06-06,ST1,3
1203,2024-06-06,ST1,4
1204,2024-06-06,ST1,5
1205,2024-06-06,ST1,6
1206,2024-06-06,ST1,7
1207,2024-06-06,ST1,8
1208,2024-06-06,ST1,9
1209,2024-06-06,ST1,10
1210,2024-06-06,ST1,11
1211,2024-06-06,ST1,12
1212,2024-06-06,ST1,13
1213,2024-06-06,ST1,14
1214,2024-06-06,ST1,15
1215,2024-06-06,ST1,16
1216,2024-06-06,ST1,17
1217,2024-06-06,ST1,18
1218,2024-06-06,ST1,19
1219,2024-06-06,ST1,20
1220,2024-06-06,ST1,21
1221,2024-06-06,ST1,22
1222,2024-06-06,ST1,23
1223,2024-06-06,ST1,24
1224,2024-06-06,ST1,25
1225,2024-06-06,ST1,26
1226,2024-06-06,ST1,27
1227,2024-06-06,ST1,28
1228,2024-06-06,ST1,29
1229,2024-06-06,ST1,30
1230,2024-06-06,ST1,31
1231,2024-06-06,ST1,32
1232,2024-06-06,ST1,33
1233,2024-06-06,ST1,34
1234,2024-06-06,ST1,35
1235,2024-06-06,ST1,36
1236,2024-06-06,ST1,37
1237,2024-06-06,ST1,38
1238,2024-06-06,ST1,39
1239,2024-06-06,ST1,40
1240,2024-06-06,ST1,41
1241,2024-06-06,ST1,42
1242,2024-06-06,ST1,43
1243,2024-06-06,ST1,44
1244,2024-06-06,ST1,45
1245,2024-06-06,ST1,46
1246,2024-06-06,ST1,47
1247,2024-06-06,ST1,48
1248,2024-06-06,ST1,49
1249,2024-06-06,ST1,50
1250,2024-06-06,ST1,51
1251,2024-06-06,ST1,52
1252,2024-06-06,ST1,53
1253,2024-06-06,ST1,54
1254,2024-06-06,ST1,55
1255,2024-06-06,ST1,56
1256,2024-06-06,ST1,57
1257,2024-06-06,ST1,58
1258,2024-06-06,ST1,59
1259,2024-06-06,ST1,60
1260,2024-06-06,ST1,61
1261,2024-06-06,ST1,63
1262,2024-06-06,ST1,64
1263,2024-06-06,ST1,65
1264,2024-06-06,ST1,69
1265,2024-06-06,ST1,70
1266,2024-06-06,ST1,71
1267,2024-06-06,ST1,72
1268,2024-06-06,ST1,73
1269,2024-06-06,ST1,74
1270,2024-06-06,ST1,75
1271,2024-06-06,ST1,76
1272,2024-06-06,ST1,77
1273,2024-06-06,ST1,78
1274,2024-06-06,ST1,79
1275,2024-06-06,ST1,81
1276,2024-06-06,ST1,82
1277,2024-06-06,ST1,83
1278,2024-06-06,ST1,84
1279,2024-06-06,ST1,87
1280,2024-06-06,ST2,1
1281,2024-06-06,ST2,2
1282,2024-06-06,ST2,3
1283,2024-06-06,ST2,4
1284,2024-06-06,ST2,5
1285,2024-06-06,ST2,6
1286,2024-06-06,ST2,7
1287,2024-06-06,ST2,8
1288,2024-06-06,ST2,9
1289,2024-06-06,ST2,10
1290,2024-06-06,ST2,11
1291,2024-06-06,ST2,12
1292,2024-06-06,ST2,13
1293,2024-06-06,ST2,14
1294,2024-06-06,ST2,15
1295,2024-06-06,ST2,16
1296,2024-06-06,ST2,17
1297,2024-06-06,ST2,18
1298,2024-06-06,ST2,19
1299,2024-06-06,ST2,20
1300,2024-06-06,ST2,21
1301,2024-06-06,ST2,22
1302,2024-06-06,ST2,23
1303,2024-06-06,ST2,24
1304,2024-06-06,ST2,25
1305,2024-06-06,ST2,26
1306,2024-06-06,ST2,27
1307,2024-06-06,ST2,28
1308,2024-06-06,ST2,29
1309,2024-06-06,ST2,30
1310,2024-06-06,ST2,31
1311,2024-06-06,ST2,32
1312,2024-06-06,ST2,33
1313,2024-06-06,ST2,34
1314,2024-06-06,ST2,35
1315,2024-06-06,ST2,36
1316,2024-06-06,ST2,37
1317,2024-06-06,ST2,38
1318,2024-06-06,ST2,39
1319,2024-06-06,ST2,40
1320,2024-06-06,ST2,41
1321,2024-06-06,ST2,42
1322,2024-06-06,ST2,43
1323,2024-06-06,ST2,44
1324,2024-06-06,ST2,45
1325,2024-06-06,ST2,46
1326,2024-06-06,ST2,47
1327,2024-06-06,ST2,48
1328,2024-06-06,ST2,49
1329,2024-06-06,ST2,50
1330,2024-06-06,ST2,51
1331,2024-06-06,ST2,52
1332,2024-06-06,ST2,53
1333,2024-06-06,ST2,54
1334,2024-06-06,ST2,55
1335,2024-06-06,ST2,56
1336,2024-06-06,ST2,57
1337,2024-06-06,ST2,58
1338,2024-06-06,ST2,59
1339,2024-06-06,ST2,60
1340,2024-06-06,ST2,61
1341,2024-06-06,ST2,63
1342,2024-06-06,ST2,64
1343,2024-06-06,ST2,65
1344,2024-06-06,ST2,69
1345,2024-06-06,ST2,70
1346,2024-06-06,ST2,71
1347,2024-06-06,ST2,72
1348,2024-06-06,ST2,73
1349,2024-06-06,ST2,74
1350,2024-06-06,ST2,75
1351,2024-06-06,ST2,76
1352,2024-06-06,ST2,77
1353,2024-06-06,ST2,78
1354,2024-06-06,ST2,79
1355,2024-06-06,ST2,81
1356,2024-06-06,ST2,82
1357,2024-06-06,ST2,83
1358,2024-06-06,ST2,84
1359,2024-06-06,ST2,87
1360,2024-06-06,ST3,1
1361,2024-06-06,ST3,2
1362,2024-06-06,ST3,3
1363,2024-06-06,ST3,4
1364,2024-06-06,ST3,5
1365,2024-06-06,ST3,6
1366,2024-06-06,ST3,7
1367,2024-06-06,ST3,8
1368,2024-06-06,ST3,9
1369,2024-06-06,ST3,10
1370,2024-06-06,ST3,11
1371,2024-06-06,ST3,12
1372,2024-06-06,ST3,13
1373,2024-06-06,ST3,14
1374,2024-06-06,ST3,15
1375,2024-06-06,ST3,16
1376,2024-06-06,ST3,17
1377,2024-06-06,ST3,18
1378,2024-06-06,ST3,19
1379,2024-06-06,ST3,20
1380,2024-06-06,ST3,21
1381,2024-06-06,ST3,22
1382,2024-06-06,ST3,23
1383,2024-06-06,ST3,24
1384,2024-06-06,ST3,25
1385,2024-06-06,ST3,26
1386,2024-06-06,ST3,27
1387,2024-06-06,ST3,28
1388,2024-06-06,ST3,29
1389,2024-06-06,ST3,30
1390,2024-06-06,ST3,31
1391,2024-06-06,ST3,32
1392,2024-06-06,ST3,33
1393,2024-06-06,ST3,34
1394,2024-06-06,ST3,35
1395,2024-06-06,ST3,36
1396,2024-06-06,ST3,37
1397,2024-06-06,ST3,38
1398,2024-06-06,ST3,39
1399,2024-06-06,ST3,40
1400,2024-06-06,ST3,41
1401,2024-06-06,ST3,42
1402,2024-06-06,ST3,43
1403,2024-06-06,ST3,44
1404,2024-06-06,ST3,45
1405,2024-06-06,ST3,46
1406,2024-06-06,ST3,47
1407,2024-06-06,ST3,48
1408,2024-06-06,ST3,49
1409,2024-06-06,ST3,50
1410,2024-06-06,ST3,51
1411,2024-06-06,ST3,52
1412,2024-06-06,ST3,53
1413,2024-06-06,ST3,54
1414,2024-06-06,ST3,55
1415,2024-06-06,ST3,56
1416,2024-06-06,ST3,57
1417,2024-06-06,ST3,58
1418,2024-06-06,ST3,59
1419,2024-06-06,ST3,60
1420,2024-06-06,ST3,61
1421,2024-06-06,ST3,63
1422,2024-06-06,ST3,64
1423,2024-06-06,ST3,65
1424,2024-06-06,ST3,69
1425,2024-06-06,ST3,70
1426,2024-06-06,ST3,71
1427,2024-06-06,ST3,72
1428,2024-06-06,ST3,73
1429,2024-06-06,ST3,74
1430,2024-06-06,ST3,75
1431,2024-06-06,ST3,76
1432,2024-06-06,ST3,77
1433,2024-06-06,ST3,78
1434,2024-06-06,ST3,79
1435,2024-06-06,ST3,81
1436,2024-06-06,ST3,82
1437,2024-06-06,ST3,83
1438,2024-06-06,ST3,84
1439,2024-06-06,ST3,87
1440,2024-06-07,ST1,1
1441,2024-06-07,ST1,2
1442,2024-06-07,ST1,3
1443,2024-06-07,ST1,4
1444,2024-06-07,ST1,5
1445,2024-06-07,ST1,6
1446,2024-06-07,ST1,7
1447,2024-06-07,ST1,8
1448,2024-06-07,ST1,9
1449,2024-06-07,ST1,10
1450,2024-06-07,ST1,11
1451,2024-06-07,ST1,12
1452,2024-06-07,ST1,13
1453,2024-06-07,ST1,14
1454,2024-06-07,ST1,15
1455,2024-06-07,ST1,16
1456,2024-06-07,ST1,17
1457,2024-06-07,ST1,18
1458,2024-06-07,ST1,19
1459,2024-06-07,ST1,20
1460,2024-06-07,ST1,21
1461,2024-06-07,ST1,22
1462,2024-06-07,ST1,23
1463,2024-06-07,ST1,24
1464,2024-06-07,ST1,25
1465,2024-06-07,ST1,26
1466,2024-06-07,ST1,27
1467,2024-06-07,ST1,28
1468,2024-06-07,ST1,29
1469,2024-06-07,ST1,30
1470,2024-06-07,ST1,31
1471,2024-06-07,ST1,32
1472,2024-06-07,ST1,33
1473,2024-06-07,ST1,34
1474,2024-06-07,ST1,35
1475,2024-06-07,ST1,36
1476,2024-06-07,ST1,37
1477,2024-06-07,ST1,38
1478,2024-06-07,ST1,39
1479,2024-06-07,ST1,40
1480,2024-06-07,ST1,41
1481,2024-06-07,ST1,42
1482,2024-06-07,ST1,43
1483,2024-06-07,ST1,44
1484,2024-06-07,ST1,45
1485,2024-06-07,ST1,46
1486,2024-06-07,ST1,47
1487,2024-06-07,ST1,48
1488,2024-06-07,ST1,49
1489,2024-06-07,ST1,50
1490,2024-06-07,ST1,51
1491,2024-06-07,ST1,52
1492,2024-06-07,ST1,53
1493,2024-06-07,ST1,54
1494,2024-06-07,ST1,55
1495,2024-06-07,ST1,56
1496,2024-06-07,ST1,57
1497,2024-06-07,ST1,58
1498,2024-06-07,ST1,59
1499,2024-06-07,ST1,60
1500,2024-06-07,ST1,61
1501,2024-06-07,ST1,63
1502,2024-06-07,ST1,64
1503,2024-06-07,ST1,65
1504,2024-06-07,ST1,69
1505,2024-06-07,ST1,70
1506,2024-06-07,ST1,71
1507,2024-06-07,ST1,72
1508,2024-06-07,ST1,73
1509,2024-06-07,ST1,74
1510,2024-06-07,ST1,75
1511,2024-06-07,ST1,76
1512,2024-06-07,ST1,77
1513,2024-06-07,ST1,78
1514,2024-06-07,ST1,79
1515,2024-06-07,ST1,81
1516,2024-06-07,ST1,82
1517,2024-06-07,ST1,83
1518,2024-06-07,ST1,84
1519,2024-06-07,ST1,87
1520,2024-06-07,ST2,1
1521,2024-06-07,ST2,2
1522,2024-06-07,ST2,3
1523,2024-06-07,ST2,4
1524,2024-06-07,ST2,5
1525,2024-06-07,ST2,6
1526,2024-06-07,ST2,7
1527,2024-06-07,ST2,8
1528,2024-06-07,ST2,9
1529,2024-06-07,ST2,10
1530,2024-06-07,ST2,11
1531,2024-06-07,ST2,12
1532,2024-06-07,ST2,13
1533,2024-06-07,ST2,14
1534,2024-06-07,ST2,15
1535,2024-06-07,ST2,16
1536,2024-06-07,ST2,17
1537,2024-06-07,ST2,18
1538,2024-06-07,ST2,19
1539,2024-06-07,ST2,20
1540,2024-06-07,ST2,21
1541,2024-06-07,ST2,22
1542,2024-06-07,ST2,23
1543,2024-06-07,ST2,24
1544,2024-06-07,ST2,25
1545,2024-06-07,ST2,26
1546,2024-06-07,ST2,27
1547,2024-06-07,ST2,28
1548,2024-06-07,ST2,29
1549,2024-06-07,ST2,30
1550,2024-06-07,ST2,31
1551,2024-06-07,ST2,32
1552,2024-06-07,ST2,33
1553,2024-06-07,ST2,34
1554,2024-06-07,ST2,35
1555,2024-06-07,ST2,36
1556,2024-06-07,ST2,37
1557,2024-06-07,ST2,38
1558,2024-06-07,ST2,39
1559,2024-06-07,ST2,40
1560,2024-06-07,ST2,41
1561,2024-06-07,ST2,42
1562,2024-06-07,ST2,43
1563,2024-06-07,ST2,44
1564,2024-06-07,ST2,45
1565,2024-06-07,ST2,46
1566,2024-06-07,ST2,47
1567,2024-06-07,ST2,48
1568,2024-06-07,ST2,49
1569,2024-06-07,ST2,50
1570,2024-06-07,ST2,51
1571,2024-06-07,ST2,52
1572,2024-06-07,ST2,53
1573,2024-06-07,ST2,54
1574,2024-06-07,ST2,55
1575,2024-06-07,ST2,56
1576,2024-06-07,ST2,57
1577,2024-06-07,ST2,58
1578,2024-06-07,ST2,59
1579,2024-06-07,ST2,60
1580,2024-06-07,ST2,61
1581,2024-06-07,ST2,63
1582,2024-06-07,ST2,64
1583,2024-06-07,ST2,65
1584,2024-06-07,ST2,69
1585,2024-06-07,ST2,70
1586,2024-06-07,ST2,71
1587,2024-06-07,ST2,72
1588,2024-06-07,ST2,73
1589,2024-06-07,ST2,74
1590,2024-06-07,ST2,75
1591,2024-06-07,ST2,76
1592,2024-06-07,ST2,77
1593,2024-06-07,ST2,78
1594,2024-06-07,ST2,79
1595,2024-06-07,ST2,81
1596,2024-06-07,ST2,82
1597,2024-06-07,ST2,83
1598,2024-06-07,ST2,84
1599,2024-06-07,ST2,87
1600,2024-06-07,ST3,1
1601,2024-06-07,ST3,2
1602,2024-06-07,ST3,3
1603,2024-06-07,ST3,4
1604,2024-06-07,ST3,5
1605,2024-06-07,ST3,6
1606,2024-06-07,ST3,7
1607,2024-06-07,ST3,8
1608,2024-06-07,ST3,9
1609,2024-06-07,ST3,10
1610,2024-06-07,ST3,11
1611,2024-06-07,ST3,12
1612,2024-06-07,ST3,13
1613,2024-06-07,ST3,14
1614,2024-06-07,ST3,15
1615,2024-06-07,ST3,16
1616,2024-06-07,ST3,17
1617,2024-06-07,ST3,18
1618,2024-06-07,ST3,19
1619,2024-06-07,ST3,20
1620,2024-06-07,ST3,21
1621,2024-06-07,ST3,22
1622,2024-06-07,ST3,23
1623,2024-06-07,ST3,24
1624,2024-06-07,ST3,25
1625,2024-06-07,ST3,26
1626,2024-06-07,ST3,27
1627,2024-06-07,ST3,28
1628,2024-06-07,ST3,29
1629,2024-06-07,ST3,30
1630,2024-06-07,ST3,31
1631,2024-06-07,ST3,32
1632,2024-06-07,ST3,33
1633,2024-06-07,ST3,34
1634,2024-06-07,ST3,35
1635,2024-06-07,ST3,36
1636,2024-06-07,ST3,37
1637,2024-06-07,ST3,38
1638,2024-06-07,ST3,39
1639,2024-06-07,ST3,40
1640,2024-06-07,ST3,41
1641,2024-06-07,ST3,42
1642,2024-06-07,ST3,43
1643,2024-06-07,ST3,44
1644,2024-06-07,ST3,45
1645,2024-06-07,ST3,46
1646,2024-06-07,ST3,47
1647,2024-06-07,ST3,48
1648,2024-06-07,ST3,49
1649,2024-06-07,ST3,50
1650,2024-06-07,ST3,51
1651,2024-06-07,ST3,52
1652,2024-06-07,ST3,53
1653,2024-06-07,ST3,54
1654,2024-06-07,ST3,55
1655,2024-06-07,ST3,56
1656,2024-06-07,ST3,57
1657,2024-06-07,ST3,58
1658,2024-06-07,ST3,59
1659,2024-06-07,ST3,60
1660,2024-06-07,ST3,61
1661,2024-06-07,ST3,63
1662,2024-06-07,ST3,64
1663,2024-06-07,ST3,65
1664,2024-06-07,ST3,69
1665,2024-06-07,ST3,70
1666,2024-06-07,ST3,71
1667,2024-06-07,ST3,72
1668,2024-06-07,ST3,73
1669,2024-06-07,ST3,74
1670,2024-06-07,ST3,75
1671,2024-06-07,ST3,76
1672,2024-06-07,ST3,77
1673,2024-06-07,ST3,78
1674,2024-06-07,ST3,79
1675,2024-06-07,ST3,81
1676,2024-06-07,ST3,82
1677,2024-06-07,ST3,83
1678,2024-06-07,ST3,84
1679,2024-06-07,ST3,87
1680,2024-06-08,ST1,1
1681,2024-06-08,ST1,2
1682,2024-06-08,ST1,3
1683,2024-06-08,ST1,4
1684,2024-06-08,ST1,5
1685,2024-06-08,ST1,6
1686,2024-06-08,ST1,7
1687,2024-06-08,ST1,8
1688,2024-06-08,ST1,9
1689,2024-06-08,ST1,10
1690,2024-06-08,ST1,11
1691,2024-06-08,ST1,12
1692,2024-06-08,ST1,13
1693,2024-06-08,ST1,14
1694,2024-06-08,ST1,15
1695,2024-06-08,ST1,16
1696,2024-06-08,ST1,17
1697,2024-06-08,ST1,18
1698,2024-06-08,ST1,19
1699,2024-06-08,ST1,20
1700,2024-06-08,ST1,21
1701,2024-06-08,ST1,22
1702,2024-06-08,ST1,23
1703,2024-06-08,ST1,24
1704,2024-06-08,ST1,25
1705,2024-06-08,ST1,26
1706,2024-06-08,ST1,27
1707,2024-06-08,ST1,28
1708,2024-06-08,ST1,29
1709,2024-06-08,ST1,30
1710,2024-06-08,ST1,31
1711,2024-06-08,ST1,32
1712,2024-06-08,ST1,33
1713,2024-06-08,ST1,34
1714,2024-06-08,ST1,35
1715,2024-06-08,ST1,36
1716,2024-06-08,ST1,37
1717,2024-06-08,ST1,38
1718,2024-06-08,ST1,39
1719,2024-06-08,ST1,40
1720,2024-06-08,ST1,41
1721,2024-06-08,ST1,42
1722,2024-06-08,ST1,43
1723,2024-06-08,ST1,44
1724,2024-06-08,ST1,45
1725,2024-06-08,ST1,46
1726,2024-06-08,ST1,47
1727,2024-06-08,ST1,48
1728,2024-06-08,ST1,49
1729,2024-06-08,ST1,50
1730,2024-06-08,ST1,51
1731,2024-06-08,ST1,52
1732,2024-06-08,ST1,53
1733,2024-06-08,ST1,54
1734,2024-06-08,ST1,55
1735,2024-06-08,ST1,56
1736,2024-06-08,ST1,57
1737,2024-06-08,ST1,58
1738,2024-06-08,ST1,59
1739,2024-06-08,ST1,60
1740,2024-06-08,ST1,61
1741,2024-06-08,ST1,63
1742,2024-06-08,ST1,64
1743,2024-06-08,ST1,65
1744,2024-06-08,ST1,69
1745,2024-06-08,ST1,70
1746,2024-06-08,ST1,71
1747,2024-06-08,ST1,72
1748,2024-06-08,ST1,73
1749,2024-06-08,ST1,74
1750,2024-06-08,ST1,75
1751,2024-06-08,ST1,76
1752,2024-06-08,ST1,77
1753,2024-06-08,ST1,78
1754,2024-06-08,ST1,79
1755,2024-06-08,ST1,81
1756,2024-06-08,ST1,82
1757,2024-06-08,ST1,83
1758,2024-06-08,ST1,84
1759,2024-06-08,ST1,87
1760,2024-06-08,ST2,1
1761,2024-06-08,ST2,2
1762,2024-06-08,ST2,3
1763,2024-06-08,ST2,4
1764,2024-06-08,ST2,5
1765,2024-06-08,ST2,6
1766,2024-06-08,ST2,7
1767,2024-06-08,ST2,8
1768,2024-06-08,ST2,9
1769,2024-06-08,ST2,10
1770,2024-06-08,ST2,11
1771,2024-06-08,ST2,12
1772,2024-06-08,ST2,13
1773,2024-06-08,ST2,14
1774,2024-06-08,ST2,15
1775,2024-06-08,ST2,16
1776,2024-06-08,ST2,17
1777,2024-06-08,ST2,18
1778,2024-06-08,ST2,19
1779,2024-06-08,ST2,20
1780,2024-06-08,ST2,21
1781,2024-06-08,ST2,22
1782,2024-06-08,ST2,23
1783,2024-06-08,ST2,24
1784,2024-06-08,ST2,25
1785,2024-06-08,ST2,26
1786,2024-06-08,ST2,27
1787,2024-06-08,ST2,28
1788,2024-06-08,ST2,29
1789,2024-06-08,ST2,30
1790,2024-06-08,ST2,31
1791,2024-06-08,ST2,32
1792,2024-06-08,ST2,33
1793,2024-06-08,ST2,34
1794,2024-06-08,ST2,35
1795,2024-06-08,ST2,36
1796,2024-06-08,ST2,37
1797,2024-06-08,ST2,38
1798,2024-06-08,ST2,39
1799,2024-06-08,ST2,40
1800,2024-06-08,ST2,41
1801,2024-06-08,ST2,42
1802,2024-06-08,ST2,43
1803,2024-06-08,ST2,44
1804,2024-06-08,ST2,45
1805,2024-06-08,ST2,46
1806,2024-06-08,ST2,47
1807,2024-06-08,ST2,48
1808,2024-06-08,ST2,49
1809,2024-06-08,ST2,50
1810,2024-06-08,ST2,51
1811,2024-06-08,ST2,52
1812,2024-06-08,ST2,53
1813,2024-06-08,ST2,54
1814,2024-06-08,ST2,55
1815,2024-06-08,ST2,56
1816,2024-06-08,ST2,57
1817,2024-06-08,ST2,58
1818,2024-06-08,ST2,59
1819,2024-06-08,ST2,60
1820,2024-06-08,ST2,61
1821,2024-06-08,ST2,63
1822,2024-06-08,ST2,64
1823,2024-06-08,ST2,65
1824,2024-06-08,ST2,69
1825,2024-06-08,ST2,70
1826,2024-06-08,ST2,71
1827,2024-06-08,ST2,72
1828,2024-06-08,ST2,73
1829,2024-06-08,ST2,74
1830,2024-06-08,ST2,75
1831,2024-06-08,ST2,76
1832,2024-06-08,ST2,77
1833,2024-06-08,ST2,78
1834,2024-06-08,ST2,79
1835,2024-06-08,ST2,81
1836,2024-06-08,ST2,82
1837,2024-06-08,ST2,83
1838,2024-06-08,ST2,84
1839,2024-06-08,ST2,87
1840,2024-06-08,ST3,1
1841,2024-06-08,ST3,2
1842,2024-06-08,ST3,3
1843,2024-06-08,ST3,4
1844,2024-06-08,ST3,5
1845,2024-06-08,ST3,6
1846,2024-06-08,ST3,7
1847,2024-06-08,ST3,8
1848,2024-06-08,ST3,9
1849,2024-06-08,ST3,10
1850,2024-06-08,ST3,11
1851,2024-06-08,ST3,12
1852,2024-06-08,ST3,13
1853,2024-06-08,ST3,14
1854,2024-06-08,ST3,15
1855,2024-06-08,ST3,16
1856,2024-06-08,ST3,17
1857,2024-06-08,ST3,18
1858,2024-06-08,ST3,19
1859,2024-06-08,ST3,20
1860,2024-06-08,ST3,21
1861,2024-06-08,ST3,22
1862,2024-06-08,ST3,23
1863,2024-06-08,ST3,24
1864,2024-06-08,ST3,25
1865,2024-06-08,ST3,26
1866,2024-06-08,ST3,27
1867,2024-06-08,ST3,28
1868,2024-06-08,ST3,29
1869,2024-06-08,ST3,30
1870,2024-06-08,ST3,31
1871,2024-06-08,ST3,32
1872,2024-06-08,ST3,33
1873,2024-06-08,ST3,34
1874,2024-06-08,ST3,35
1875,2024-06-08,ST3,36
1876,2024-06-08,ST3,37
1877,2024-06-08,ST3,38
1878,2024-06-08,ST3,39
1879,2024-06-08,ST3,40
1880,2024-06-08,ST3,41
1881,2024-06-08,ST3,42
1882,2024-06-08,ST3,43
1883,2024-06-08,ST3,44
1884,2024-06-08,ST3,45
1885,2024-06-08,ST3,46
1886,2024-06-08,ST3,47
1887,2024-06-08,ST3,48
1888,2024-06-08,ST3,49
1889,2024-06-08,ST3,50
1890,2024-06-08,ST3,51
1891,2024-06-08,ST3,52
1892,2024-06-08,ST3,53
1893,2024-06-08,ST3,54
1894,2024-06-08,ST3,55
1895,2024-06-08,ST3,56
1896,2024-06-08,ST3,57
1897,2024-06-08,ST3,58
1898,2024-06-08,ST3,59
1899,2024-06-08,ST3,60
1900,2024-06-08,ST3,61
1901,2024-06-08,ST3,63
1902,2024-06-08,ST3,64
1903,2024-06-08,ST3,65
1904,2024-06-08,ST3,69
1905,2024-06-08,ST3,70
1906,2024-06-08,ST3,71
1907,2024-06-08,ST3,72
1908,2024-06-08,ST3,73
1909,2024-06-08,ST3,74
1910,2024-06-08,ST3,75
1911,2024-06-08,ST3,76
1912,2024-06-08,ST3,77
1913,2024-06-08,ST3,78
1914,2024-06-08,ST3,79
1915,2024-06-08,ST3,81
1916,2024-06-08,ST3,82
1917,2024-06-08,ST3,83
1918,2024-06-08,ST3,84
1919,2024-06-08,ST3,87
1920,2024-06-09,ST1,1
1921,2024-06-09,ST1,2
1922,2024-06-09,ST1,3
1923,2024-06-09,ST1,4
1924,2024-06-09,ST1,5
1925,2024-06-09,ST1,6
1926,2024-06-09,ST1,7
1927,2024-06-09,ST1,8
1928,2024-06-09,ST1,9
1929,2024-06-09,ST1,10
1930,2024-06-09,ST1,11
1931,2024-06-09,ST1,12
1932,2024-06-09,ST1,13
1933,2024-06-09,ST1,14
1934,2024-06-09,ST1,15
1935,2024-06-09,ST1,16
1936,2024-06-09,ST1,17
1937,2024-06-09,ST1,18
1938,2024-06-09,ST1,19
1939,2024-06-09,ST1,20
1940,2024-06-09,ST1,21
1941,2024-06-09,ST1,22
1942,2024-06-09,ST1,23
1943,2024-06-09,ST1,24
1944,2024-06-09,ST1,25
1945,2024-06-09,ST1,26
1946,2024-06-09,ST1,27
1947,2024-06-09,ST1,28
1948,2024-06-09,ST1,29
1949,2024-06-09,ST1,30
1950,2024-06-09,ST1,31
1951,2024-06-09,ST1,32
1952,2024-06-09,ST1,33
1953,2024-06-09,ST1,34
1954,2024-06-09,ST1,35
1955,2024-06-09,ST1,36
1956,2024-06-09,ST1,37
1957,2024-06-09,ST1,38
1958,2024-06-09,ST1,39
1959,2024-06-09,ST1,40
1960,2024-06-09,ST1,41
1961,2024-06-09,ST1,42
1962,2024-06-09,ST1,43
1963,2024-06-09,ST1,44
1964,2024-06-09,ST1,45
1965,2024-06-09,ST1,46
1966,2024-06-09,ST1,47
1967,2024-06-09,ST1,48
1968,2024-06-09,ST1,49
1969,2024-06-09,ST1,50
1970,2024-06-09,ST1,51
1971,2024-06-09,ST1,52
1972,2024-06-09,ST1,53
1973,2024-06-09,ST1,54
1974,2024-06-09,ST1,55
1975,2024-06-09,ST1,56
1976,2024-06-09,ST1,57
1977,2024-06-09,ST1,58
1978,2024-06-09,ST1,59
1979,2024-06-09,ST1,60
1980,2024-06-09,ST1,61
1981,2024-06-09,ST1,63
1982,2024-06-09,ST1,64
1983,2024-06-09,ST1,65
1984,2024-06-09,ST1,69
1985,2024-06-09,ST1,70
1986,2024-06-09,ST1,71
1987,2024-06-09,ST1,72
1988,2024-06-09,ST1,73
1989,2024-06-09,ST1,74
1990,2024-06-09,ST1,75
1991,2024-06-09,ST1,76
1992,2024-06-09,ST1,77
1993,2024-06-09,ST1,78
1994,2024-06-09,ST1,79
1995,2024-06-09,ST1,81
1996,2024-06-09,ST1,82
1997,2024-06-09,ST1,83
1998,2024-06-09,ST1,84
1999,2024-06-09,ST1,87
2000,2024-06-09,ST2,1
2001,2024-06-09,ST2,2
2002,2024-06-09,ST2,3
2003,2024-06-09,ST2,4
2004,2024-06-09,ST2,5
2005,2024-06-09,ST2,6
2006,2024-06-09,ST2,7
2007,2024-06-09,ST2,8
2008,2024-06-09,ST2,9
2009,2024-06-09,ST2,10
2010,2024-06-09,ST2,11
2011,2024-06-09,ST2,12
2012,2024-06-09,ST2,13
2013,2024-06-09,ST2,14
2014,2024-06-09,ST2,15
2015,2024-06-09,ST2,16
2016,2024-06-09,ST2,17
2017,2024-06-09,ST2,18
2018,2024-06-09,ST2,19
2019,2024-06-09,ST2,20
2020,2024-06-09,ST2,21
2021,2024-06-09,ST2,22
2022,2024-06-09,ST2,23
2023,2024-06-09,ST2,24
2024,2024-06-09,ST2,25
2025,2024-06-09,ST2,26
2026,2024-06-09,ST2,27
2027,2024-06-09,ST2,28
2028,2024-06-09,ST2,29
2029,2024-06-09,ST2,30
2030,2024-06-09,ST2,31
2031,2024-06-09,ST2,32
2032,2024-06-09,ST2,33
2033,2024-06-09,ST2,34
2034,2024-06-09,ST2,35
2035,2024-06-09,ST2,36
2036,2024-06-09,ST2,37
2037,2024-06-09,ST2,38
2038,2024-06-09,ST2,39
2039,2024-06-09,ST2,40
2040,2024-06-09,ST2,41
2041,2024-06-09,ST2,42
2042,2024-06-09,ST2,43
2043,2024-06-09,ST2,44
2044,2024-06-09,ST2,45
2045,2024-06-09,ST2,46
2046,2024-06-09,ST2,47
2047,2024-06-09,ST2,48
2048,2024-06-09,ST2,49
2049,2024-06-09,ST2,50
2050,2024-06-09,ST2,51
2051,2024-06-09,ST2,52
2052,2024-06-09,ST2,53
2053,2024-06-09,ST2,54
2054,2024-06-09,ST2,55
2055,2024-06-09,ST2,56
2056,2024-06-09,ST2,57
2057,2024-06-09,ST2,58
2058,2024-06-09,ST2,59
2059,2024-06-09,ST2,60
2060,2024-06-09,ST2,61
2061,2024-06-09,ST2,63
2062,2024-06-09,ST2,64
2063,2024-06-09,ST2,65
2064,2024-06-09,ST2,69
2065,2024-06-09,ST2,70
2066,2024-06-09,ST2,71
2067,2024-06-09,ST2,72
2068,2024-06-09,ST2,73
2069,2024-06-09,ST2,74
2070,2024-06-09,ST2,75
2071,2024-06-09,ST2,76
2072,2024-06-09,ST2,77
2073,2024-06-09,ST2,78
2074,2024-06-09,ST2,79
2075,2024-06-09,ST2,81
2076,2024-06-09,ST2,82
2077,2024-06-09,ST2,83
2078,2024-06-09,ST2,84
2079,2024-06-09,ST2,87
2080,2024-06-09,ST3,1
2081,2024-06-09,ST3,2
2082,2024-06-09,ST3,3
2083,2024-06-09,ST3,4
2084,2024-06-09,ST3,5
2085,2024-06-09,ST3,6
2086,2024-06-09,ST3,7
2087,2024-06-09,ST3,8
2088,2024-06-09,ST3,9
2089,2024-06-09,ST3,10
2090,2024-06-09,ST3,11
2091,2024-06-09,ST3,12
2092,2024-06-09,ST3,13
2093,2024-06-09,ST3,14
2094,2024-06-09,ST3,15
2095,2024-06-09,ST3,16
2096,2024-06-09,ST3,17
2097,2024-06-09,ST3,18
2098,2024-06-09,ST3,19
2099,2024-06-09,ST3,20
2100,2024-06-09,ST3,21
2101,2024-06-09,ST3,22
2102,2024-06-09,ST3,23
2103,2024-06-09,ST3,24
2104,2024-06-09,ST3,25
2105,2024-06-09,ST3,26
2106,2024-06-09,ST3,27
2107,2024-06-09,ST3,28
2108,2024-06-09,ST3,29
2109,2024-06-09,ST3,30
2110,2024-06-09,ST3,31
2111,2024-06-09,ST3,32
2112,2024-06-09,ST3,33
2113,2024-06-09,ST3,34
2114,2024-06-09,ST3,35
2115,2024-06-09,ST3,36
2116,2024-06-09,ST3,37
2117,2024-06-09,ST3,38
2118,2024-06-09,ST3,39
2119,2024-06-09,ST3,40
2120,2024-06-09,ST3,41
2121,2024-06-09,ST3,42
2122,2024-06-09,ST3,43
2123,2024-06-09,ST3,44
2124,2024-06-09,ST3,45
2125,2024-06-09,ST3,46
2126,2024-06-09,ST3,47
2127,2024-06-09,ST3,48
2128,2024-06-09,ST3,49
2129,2024-06-09,ST3,50
2130,2024-06-09,ST3,51
2131,2024-06-09,ST3,52
2132,2024-06-09,ST3,53
2133,2024-06-09,ST3,54
2134,2024-06-09,ST3,55
2135,2024-06-09,ST3,56
2136,2024-06-09,ST3,57
2137,2024-06-09,ST3,58
2138,2024-06-09,ST3,59
2139,2024-06-09,ST3,60
2140,2024-06-09,ST3,61
2141,2024-06-09,ST3,63
2142,2024-06-09,ST3,64
2143,2024-06-09,ST3,65
2144,2024-06-09,ST3,69
2145,2024-06-09,ST3,70
2146,2024-06-09,ST3,71
2147,2024-06-09,ST3,72
2148,2024-06-09,ST3,73
2149,2024-06-09,ST3,74
2150,2024-06-09,ST3,75
2151,2024-06-09,ST3,76
2152,2024-06-09,ST3,77
2153,2024-06-09,ST3,78
2154,2024-06-09,ST3,79
2155,2024-06-09,ST3,81
2156,2024-06-09,ST3,82
2157,2024-06-09,ST3,83
2158,2024-06-09,ST3,84
2159,2024-06-09,ST3,87
2160,2024-06-10,ST1,1
2161,2024-06-10,ST1,2
2162,2024-06-10,ST1,3
2163,2024-06-10,ST1,4
2164,2024-06-10,ST1,5
2165,2024-06-10,ST1,6
2166,2024-06-10,ST1,7
2167,2024-06-10,ST1,8
2168,2024-06-10,ST1,9
2169,2024-06-10,ST1,10
2170,2024-06-10,ST1,11
2171,2024-06-10,ST1,12
2172,2024-06-10,ST1,13
2173,2024-06-10,ST1,14
2174,2024-06-10,ST1,15
2175,2024-06-10,ST1,16
2176,2024-06-10,ST1,17
2177,2024-06-10,ST1,18
2178,2024-06-10,ST1,19
2179,2024-06-10,ST1,20
2180,2024-06-10,ST1,21
2181,2024-06-10,ST1,22
2182,2024-06-10,ST1,23
2183,2024-06-10,ST1,24
2184,2024-06-10,ST1,25
2185,2024-06-10,ST1,26
2186,2024-06-10,ST1,27
2187,2024-06-10,ST1,28
2188,2024-06-10,ST1,29
2189,2024-06-10,ST1,30
2190,2024-06-10,ST1,31
2191,2024-06-10,ST1,32
2192,2024-06-10,ST1,33
2193,2024-06-10,ST1,34
2194,2024-06-10,ST1,35
2195,2024-06-10,ST1,36
2196,2024-06-10,ST1,37
2197,2024-06-10,ST1,38
2198,2024-06-10,ST1,39
2199,2024-06-10,ST1,40
2200,2024-06-10,ST1,41
2201,2024-06-10,ST1,42
2202,2024-06-10,ST1,43
2203,2024-06-10,ST1,44
2204,2024-06-10,ST1,45
2205,2024-06-10,ST1,46
2206,2024-06-10,ST1,47
2207,2024-06-10,ST1,48
2208,2024-06-10,ST1,49
2209,2024-06-10,ST1,50
2210,2024-06-10,ST1,51
2211,2024-06-10,ST1,52
2212,2024-06-10,ST1,53
2213,2024-06-10,ST1,54
2214,2024-06-10,ST1,55
2215,2024-06-10,ST1,56
2216,2024-06-10,ST1,57
2217,2024-06-10,ST1,58
2218,2024-06-10,ST1,59
2219,2024-06-10,ST1,60
2220,2024-06-10,ST1,61
2221,2024-06-10,ST1,63
2222,2024-06-10,ST1,64
2223,2024-06-10,ST1,65
2224,2024-06-10,ST1,69
2225,2024-06-10,ST1,70
2226,2024-06-10,ST1,71
2227,2024-06-10,ST1,72
2228,2024-06-10,ST1,73
2229,2024-06-10,ST1,74
2230,2024-06-10,ST1,75
2231,2024-06-10,ST1,76
2232,2024-06-10,ST1,77
2233,2024-06-10,ST1,78
2234,2024-06-10,ST1,79
2235,2024-06-10,ST1,81
2236,2024-06-10,ST1,82
2237,2024-06-10,ST1,83
2238,2024-06-10,ST1,84
2239,2024-06-10,ST1,87
2240,2024-06-10,ST2,1
2241,2024-06-10,ST2,2
2242,2024-06-10,ST2,3
2243,2024-06-10,ST2,4
2244,2024-06-10,ST2,5
2245,2024-06-10,ST2,6
2246,2024-06-10,ST2,7
2247,2024-06-10,ST2,8
2248,2024-06-10,ST2,9
2249,2024-06-10,ST2,10
2250,2024-06-10,ST2,11
2251,2024-06-10,ST2,12
2252,2024-06-10,ST2,13
2253,2024-06-10,ST2,14
2254,2024-06-10,ST2,15
2255,2024-06-10,ST2,16
2256,2024-06-10,ST2,17
2257,2024-06-10,ST2,18
2258,2024-06-10,ST2,19
2259,2024-06-10,ST2,20
2260,2024-06-10,ST2,21
2261,2024-06-10,ST2,22
2262,2024-06-10,ST2,23
2263,2024-06-10,ST2,24
2264,2024-06-10,ST2,25
2265,2024-06-10,ST2,26
2266,2024-06-10,ST2,27
2267,2024-06-10,ST2,28
2268,2024-06-10,ST2,29
2269,2024-06-10,ST2,30
2270,2024-06-10,ST2,31
2271,2024-06-10,ST2,32
2272,2024-06-10,ST2,33
2273,2024-06-10,ST2,34
2274,2024-06-10,ST2,35
2275,2024-06-10,ST2,36
2276,2024-06-10,ST2,37
2277,2024-06-10,ST2,38
2278,2024-06-10,ST2,39
2279,2024-06-10,ST2,40
2280,2024-06-10,ST2,41
2281,2024-06-10,ST2,42
2282,2024-06-10,ST2,43
2283,2024-06-10,ST2,44
2284,2024-06-10,ST2,45
2285,2024-06-10,ST2,46
2286,2024-06-10,ST2,47
2287,2024-06-10,ST2,48
2288,2024-06-10,ST2,49
2289,2024-06-10,ST2,50
2290,2024-06-10,ST2,51
2291,2024-06-10,ST2,52
2292,2024-06-10,ST2,53
2293,2024-06-10,ST2,54
2294,2024-06-10,ST2,55
2295,2024-06-10,ST2,56
2296,2024-06-10,ST2,57
2297,2024-06-10,ST2,58
2298,2024-06-10,ST2,59
2299,2024-06-10,ST2,60
2300,2024-06-10,ST2,61
2301,2024-06-10,ST2,63
2302,2024-06-10,ST2,64
2303,2024-06-10,ST2,65
2304,2024-06-10,ST2,69
2305,2024-06-10,ST2,70
2306,2024-06-10,ST2,71
2307,2024-06-10,ST2,72
2308,2024-06-10,ST2,73
2309,2024-06-10,ST2,74
2310,2024-06-10,ST2,75
2311,2024-06-10,ST2,76
2312,2024-06-10,ST2,77
2313,2024-06-10,ST2,78
2314,2024-06-10,ST2,79
2315,2024-06-10,ST2,81
2316,2024-06-10,ST2,82
2317,2024-06-10,ST2,83
2318,2024-06-10,ST2,84
2319,2024-06-10,ST2,87
2320,2024-06-10,ST3,1
2321,2024-06-10,ST3,2
2322,2024-06-10,ST3,3
2323,2024-06-10,ST3,4
2324,2024-06-10,ST3,5
2325,2024-06-10,ST3,6
2326,2024-06-10,ST3,7
2327,2024-06-10,ST3,8
2328,2024-06-10,ST3,9
2329,2024-06-10,ST3,10
2330,2024-06-10,ST3,11
2331,2024-06-10,ST3,12
2332,2024-06-10,ST3,13
2333,2024-06-10,ST3,14
2334,2024-06-10,ST3,15
2335,2024-06-10,ST3,16
2336,2024-06-10,ST3,17
2337,2024-06-10,ST3,18
2338,2024-06-10,ST3,19
2339,2024-06-10,ST3,20
2340,2024-06-10,ST3,21
2341,2024-06-10,ST3,22
2342,2024-06-10,ST3,23
2343,2024-06-10,ST3,24
2344,2024-06-10,ST3,25
2345,2024-06-10,ST3,26
2346,2024-06-10,ST3,27
2347,2024-06-10,ST3,28
2348,2024-06-10,ST3,29
2349,2024-06-10,ST3,30
2350,2024-06-10,ST3,31
2351,2024-06-10,ST3,32
2352,2024-06-10,ST3,33
2353,2024-06-10,ST3,34
2354,2024-06-10,ST3,35
2355,2024-06-10,ST3,36
2356,2024-06-10,ST3,37
2357,2024-06-10,ST3,38
2358,2024-06-10,ST3,39
2359,2024-06-10,ST3,40
2360,2024-06-10,ST3,41
2361,2024-06-10,ST3,42
2362,2024-06-10,ST3,43
2363,2024-06-10,ST3,44
2364,2024-06-10,ST3,45
2365,2024-06-10,ST3,46
2366,2024-06-10,ST3,47
2367,2024-06-10,ST3,48
2368,2024-06-10,ST3,49
2369,2024-06-10,ST3,50
2370,2024-06-10,ST3,51
2371,2024-06-10,ST3,52
2372,2024-06-10,ST3,53
2373,2024-06-10,ST3,54
2374,2024-06-10,ST3,55
2375,2024-06-10,ST3,56
2376,2024-06-10,ST3,57
2377,2024-06-10,ST3,58
2378,2024-06-10,ST3,59
2379,2024-06-10,ST3,60
2380,2024-06-10,ST3,61
2381,2024-06-10,ST3,63
2382,2024-06-10,ST3,64
2383,2024-06-10,ST3,65
2384,2024-06-10,ST3,69
2385,2024-06-10,ST3,70
2386,2024-06-10,ST3,71
2387,2024-06-10,ST3,72
2388,2024-06-10,ST3,73
2389,2024-06-10,ST3,74
2390,2024-06-10,ST3,75
2391,2024-06-10,ST3,76
2392,2024-06-10,ST3,77
2393,2024-06-10,ST3,78
2394,2024-06-10,ST3,79
2395,2024-06-10,ST3,81
2396,2024-06-10,ST3,82
2397,2024-06-10,ST3,83
2398,2024-06-10,ST3,84
2399,2024-06-10,ST3,87
2400,2024-06-11,ST1,1
2401,2024-06-11,ST1,2
2402,2024-06-11,ST1,3
2403,2024-06-11,ST1,4
2404,2024-06-11,ST1,5
2405,2024-06-11,ST1,6
2406,2024-06-11,ST1,7
2407,2024-06-11,ST1,8
2408,2024-06-11,ST1,9
2409,2024-06-11,ST1,10
2410,2024-06-11,ST1,11
2411,2024-06-11,ST1,12
2412,2024-06-11,ST1,13
2413,2024-06-11,ST1,14
2414,2024-06-11,ST1,15
2415,2024-06-11,ST1,16
2416,2024-06-11,ST1,17
2417,2024-06-11,ST1,18
2418,2024-06-11,ST1,19
2419,2024-06-11,ST1,20
2420,2024-06-11,ST1,21
2421,2024-06-11,ST1,22
2422,2024-06-11,ST1,23
2423,2024-06-11,ST1,24
2424,2024-06-11,ST1,25
2425,2024-06-11,ST1,26
2426,2024-06-11,ST1,27
2427,2024-06-11,ST1,28
2428,2024-06-11,ST1,29
2429,2024-06-11,ST1,30
2430,2024-06-11,ST1,31
2431,2024-06-11,ST1,32
2432,2024-06-11,ST1,33
2433,2024-06-11,ST1,34
2434,2024-06-11,ST1,35
2435,2024-06-11,ST1,36
2436,2024-06-11,ST1,37
2437,2024-06-11,ST1,38
2438,2024-06-11,ST1,39
2439,2024-06-11,ST1,40
2440,2024-06-11,ST1,41
2441,2024-06-11,ST1,42
2442,2024-06-11,ST1,43
2443,2024-06-11,ST1,44
2444,2024-06-11,ST1,45
2445,2024-06-11,ST1,46
2446,2024-06-11,ST1,47
2447,2024-06-11,ST1,48
2448,2024-06-11,ST1,49
2449,2024-06-11,ST1,50
2450,2024-06-11,ST1,51
2451,2024-06-11,ST1,52
2452,2024-06-11,ST1,53
2453,2024-06-11,ST1,54
2454,2024-06-11,ST1,55
2455,2024-06-11,ST1,56
2456,2024-06-11,ST1,57
2457,2024-06-11,ST1,58
2458,2024-06-11,ST1,59
2459,2024-06-11,ST1,60
2460,2024-06-11,ST1,61
2461,2024-06-11,ST1,63
2462,2024-06-11,ST1,64
2463,2024-06-11,ST1,65
2464,2024-06-11,ST1,69
2465,2024-06-11,ST1,70
2466,2024-06-11,ST1,71
2467,2024-06-11,ST1,72
2468,2024-06-11,ST1,73
2469,2024-06-11,ST1,74
2470,2024-06-11,ST1,75
2471,2024-06-11,ST1,76
2472,2024-06-11,ST1,77
2473,2024-06-11,ST1,78
2474,2024-06-11,ST1,79
2475,2024-06-11,ST1,81
2476,2024-06-11,ST1,82
2477,2024-06-11,ST1,83
2478,2024-06-11,ST1,84
2479,2024-06-11,ST1,87
2480,2024-06-11,ST2,1
2481,2024-06-11,ST2,2
2482,2024-06-11,ST2,3
2483,2024-06-11,ST2,4
2484,2024-06-11,ST2,5
2485,2024-06-11,ST2,6
2486,2024-06-11,ST2,7
2487,2024-06-11,ST2,8
2488,2024-06-11,ST2,9
2489,2024-06-11,ST2,10
2490,2024-06-11,ST2,11
2491,2024-06-11,ST2,12
2492,2024-06-11,ST2,13
2493,2024-06-11,ST2,14
2494,2024-06-11,ST2,15
2495,2024-06-11,ST2,16
2496,2024-06-11,ST2,17
2497,2024-06-11,ST2,18
2498,2024-06-11,ST2,19
2499,2024-06-11,ST2,20
2500,2024-06-11,ST2,21
2501,2024-06-11,ST2,22
2502,2024-06-11,ST2,23
2503,2024-06-11,ST2,24
2504,2024-06-11,ST2,25
2505,2024-06-11,ST2,26
2506,2024-06-11,ST2,27
2507,2024-06-11,ST2,28
2508,2024-06-11,ST2,29
2509,2024-06-11,ST2,30
2510,2024-06-11,ST2,31
2511,2024-06-11,ST2,32
2512,2024-06-11,ST2,33
2513,2024-06-11,ST2,34
2514,2024-06-11,ST2,35
2515,2024-06-11,ST2,36
2516,2024-06-11,ST2,37
2517,2024-06-11,ST2,38
2518,2024-06-11,ST2,39
2519,2024-06-11,ST2,40
2520,2024-06-11,ST2,41
2521,2024-06-11,ST2,42
2522,2024-06-11,ST2,43
2523,2024-06-11,ST2,44
2524,2024-06-11,ST2,45
2525,2024-06-11,ST2,46
2526,2024-06-11,ST2,47
2527,2024-06-11,ST2,48
2528,2024-06-11,ST2,49
2529,2024-06-11,ST2,50
2530,2024-06-11,ST2,51
2531,2024-06-11,ST2,52
2532,2024-06-11,ST2,53
2533,2024-06-11,ST2,54
2534,2024-06-11,ST2,55
2535,2024-06-11,ST2,56
2536,2024-06-11,ST2,57
2537,2024-06-11,ST2,58
2538,2024-06-11,ST2,59
2539,2024-06-11,ST2,60
2540,2024-06-11,ST2,61
2541,2024-06-11,ST2,63
2542,2024-06-11,ST2,64
2543,2024-06-11,ST2,65
2544,2024-06-11,ST2,69
2545,2024-06-11,ST2,70
2546,2024-06-11,ST2,71
2547,2024-06-11,ST2,72
2548,2024-06-11,ST2,73
2549,2024-06-11,ST2,74
2550,2024-06-11,ST2,75
2551,2024-06-11,ST2,76
2552,2024-06-11,ST2,77
2553,2024-06-11,ST2,78
2554,2024-06-11,ST2,79
2555,2024-06-11,ST2,81
2556,2024-06-11,ST2,82
2557,2024-06-11,ST2,83
2558,2024-06-11,ST2,84
2559,2024-06-11,ST2,87
2560,2024-06-11,ST3,1
2561,2024-06-11,ST3,2
2562,2024-06-11,ST3,3
2563,2024-06-11,ST3,4
2564,2024-06-11,ST3,5
2565,2024-06-11,ST3,6
2566,2024-06-11,ST3,7
2567,2024-06-11,ST3,8
2568,2024-06-11,ST3,9
2569,2024-06-11,ST3,10
2570,2024-06-11,ST3,11
2571,2024-06-11,ST3,12
2572,2024-06-11,ST3,13
2573,2024-06-11,ST3,14
2574,2024-06-11,ST3,15
2575,2024-06-11,ST3,16
2576,2024-06-11,ST3,17
2577,2024-06-11,ST3,18
2578,2024-06-11,ST3,19
2579,2024-06-11,ST3,20
2580,2024-06-11,ST3,21
2581,2024-06-11,ST3,22
2582,2024-06-11,ST3,23
2583,2024-06-11,ST3,24
2584,2024-06-11,ST3,25
2585,2024-06-11,ST3,26
2586,2024-06-11,ST3,27
2587,2024-06-11,ST3,28
2588,2024-06-11,ST3,29
2589,2024-06-11,ST3,30
2590,2024-06-11,ST3,31
2591,2024-06-11,ST3,32
2592,2024-06-11,ST3,33
2593,2024-06-11,ST3,34
2594,2024-06-11,ST3,35
2595,2024-06-11,ST3,36
2596,2024-06-11,ST3,37
2597,2024-06-11,ST3,38
2598,2024-06-11,ST3,39
2599,2024-06-11,ST3,40
2600,2024-06-11,ST3,41
2601,2024-06-11,ST3,42
2602,2024-06-11,ST3,43
2603,2024-06-11,ST3,44
2604,2024-06-11,ST3,45
2605,2024-06-11,ST3,46
2606,2024-06-11,ST3,47
2607,2024-06-11,ST3,48
2608,2024-06-11,ST3,49
2609,2024-06-11,ST3,50
2610,2024-06-11,ST3,51
2611,2024-06-11,ST3,52
2612,2024-06-11,ST3,53
2613,2024-06-11,ST3,54
2614,2024-06-11,ST3,55
2615,2024-06-11,ST3,56
2616,2024-06-11,ST3,57
2617,2024-06-11,ST3,58
2618,2024-06-11,ST3,59
2619,2024-06-11,ST3,60
2620,2024-06-11,ST3,61
2621,2024-06-11,ST3,63
2622,2024-06-11,ST3,64
2623,2024-06-11,ST3,65
2624,2024-06-11,ST3,69
2625,2024-06-11,ST3,70
2626,2024-06-11,ST3,71
2627,2024-06-11,ST3,72
2628,2024-06-11,ST3,73
2629,2024-06-11,ST3,74
2630,2024-06-11,ST3,75
2631,2024-06-11,ST3,76
2632,2024-06-11,ST3,77
2633,2024-06-11,ST3,78
2634,2024-06-11,ST3,79
2635,2024-06-11,ST3,81
2636,2024-06-11,ST3,82
2637,2024-06-11,ST3,83
2638,2024-06-11,ST3,84
2639,2024-06-11,ST3,87
2640,2024-06-12,ST1,1
2641,2024-06-12,ST1,2
2642,2024-06-12,ST1,3
2643,2024-06-12,ST1,4
2644,2024-06-12,ST1,5
2645,2024-06-12,ST1,6
2646,2024-06-12,ST1,7
2647,2024-06-12,ST1,8
2648,2024-06-12,ST1,9
2649,2024-06-12,ST1,10
2650,2024-06-12,ST1,11
2651,2024-06-12,ST1,12
2652,2024-06-12,ST1,13
2653,2024-06-12,ST1,14
2654,2024-06-12,ST1,15
2655,2024-06-12,ST1,16
2656,2024-06-12,ST1,17
2657,2024-06-12,ST1,18
2658,2024-06-12,ST1,19
2659,2024-06-12,ST1,20
2660,2024-06-12,ST1,21
2661,2024-06-12,ST1,22
2662,2024-06-12,ST1,23
2663,2024-06-12,ST1,24
2664,2024-06-12,ST1,25
2665,2024-06-12,ST1,26
2666,2024-06-12,ST1,27
2667,2024-06-12,ST1,28
2668,2024-06-12,ST1,29
2669,2024-06-12,ST1,30
2670,2024-06-12,ST1,31
2671,2024-06-12,ST1,32
2672,2024-06-12,ST1,33
2673,2024-06-12,ST1,34
2674,2024-06-12,ST1,35
2675,2024-06-12,ST1,36
2676,2024-06-12,ST1,37
2677,2024-06-12,ST1,38
2678,2024-06-12,ST1,39
2679,2024-06-12,ST1,40
2680,2024-06-12,ST1,41
2681,2024-06-12,ST1,42
2682,2024-06-12,ST1,43
2683,2024-06-12,ST1,44
2684,2024-06-12,ST1,45
2685,2024-06-12,ST1,46
2686,2024-06-12,ST1,47
2687,2024-06-12,ST1,48
2688,2024-06-12,ST1,49
2689,2024-06-12,ST1,50
2690,2024-06-12,ST1,51
2691,2024-06-12,ST1,52
2692,2024-06-12,ST1,53
2693,2024-06-12,ST1,54
2694,2024-06-12,ST1,55
2695,2024-06-12,ST1,56
2696,2024-06-12,ST1,57
2697,2024-06-12,ST1,58
2698,2024-06-12,ST1,59
2699,2024-06-12,ST1,60
2700,2024-06-12,ST1,61
2701,2024-06-12,ST1,63
2702,2024-06-12,ST1,64
2703,2024-06-12,ST1,65
2704,2024-06-12,ST1,69
2705,2024-06-12,ST1,70
2706,2024-06-12,ST1,71
2707,2024-06-12,ST1,72
2708,2024-06-12,ST1,73
2709,2024-06-12,ST1,74
2710,2024-06-12,ST1,75
2711,2024-06-12,ST1,76
2712,2024-06-12,ST1,77
2713,2024-06-12,ST1,78
2714,2024-06-12,ST1,79
2715,2024-06-12,ST1,81
2716,2024-06-12,ST1,82
2717,2024-06-12,ST1,83
2718,2024-06-12,ST1,84
2719,2024-06-12,ST1,87
2720,2024-06-12,ST2,1
2721,2024-06-12,ST2,2
2722,2024-06-12,ST2,3
2723,2024-06-12,ST2,4
2724,2024-06-12,ST2,5
2725,2024-06-12,ST2,6
2726,2024-06-12,ST2,7
2727,2024-06-12,ST2,8
2728,2024-06-12,ST2,9
2729,2024-06-12,ST2,10
2730,2024-06-12,ST2,11
2731,2024-06-12,ST2,12
2732,2024-06-12,ST2,13
2733,2024-06-12,ST2,14
2734,2024-06-12,ST2,15
2735,2024-06-12,ST2,16
2736,2024-06-12,ST2,17
2737,2024-06-12,ST2,18
2738,2024-06-12,ST2,19
2739,2024-06-12,ST2,20
2740,2024-06-12,ST2,21
2741,2024-06-12,ST2,22
2742,2024-06-12,ST2,23
2743,2024-06-12,ST2,24
2744,2024-06-12,ST2,25
2745,2024-06-12,ST2,26
2746,2024-06-12,ST2,27
2747,2024-06-12,ST2,28
2748,2024-06-12,ST2,29
2749,2024-06-12,ST2,30
2750,2024-06-12,ST2,31
2751,2024-06-12,ST2,32
2752,2024-06-12,ST2,33
2753,2024-06-12,ST2,34
2754,2024-06-12,ST2,35
2755,2024-06-12,ST2,36
2756,2024-06-12,ST2,37
2757,2024-06-12,ST2,38
2758,2024-06-12,ST2,39
2759,2024-06-12,ST2,40
2760,2024-06-12,ST2,41
2761,2024-06-12,ST2,42
2762,2024-06-12,ST2,43
2763,2024-06-12,ST2,44
2764,2024-06-12,ST2,45
2765,2024-06-12,ST2,46
2766,2024-06-12,ST2,47
2767,2024-06-12,ST2,48
2768,2024-06-12,ST2,49
2769,2024-06-12,ST2,50
2770,2024-06-12,ST2,51
2771,2024-06-12,ST2,52
2772,2024-06-12,ST2,53
2773,2024-06-12,ST2,54
2774,2024-06-12,ST2,55
2775,2024-06-12,ST2,56
2776,2024-06-12,ST2,57
2777,2024-06-12,ST2,58
2778,2024-06-12,ST2,59
2779,2024-06-12,ST2,60
2780,2024-06-12,ST2,61
2781,2024-06-12,ST2,63
2782,2024-06-12,ST2,64
2783,2024-06-12,ST2,65
2784,2024-06-12,ST2,69
2785,2024-06-12,ST2,70
2786,2024-06-12,ST2,71
2787,2024-06-12,ST2,72
2788,2024-06-12,ST2,73
2789,2024-06-12,ST2,74
2790,2024-06-12,ST2,75
2791,2024-06-12,ST2,76
2792,2024-06-12,ST2,77
2793,2024-06-12,ST2,78
2794,2024-06-12,ST2,79
2795,2024-06-12,ST2,81
2796,2024-06-12,ST2,82
2797,2024-06-12,ST2,83
2798,2024-06-12,ST2,84
2799,2024-06-12,ST2,87
2800,2024-06-12,ST3,1
2801,2024-06-12,ST3,2
2802,2024-06-12,ST3,3
2803,2024-06-12,ST3,4
2804,2024-06-12,ST3,5
2805,2024-06-12,ST3,6
2806,2024-06-12,ST3,7
2807,2024-06-12,ST3,8
2808,2024-06-12,ST3,9
2809,2024-06-12,ST3,10
2810,2024-06-12,ST3,11
2811,2024-06-12,ST3,12
2812,2024-06-12,ST3,13
2813,2024-06-12,ST3,14
2814,2024-06-12,ST3,15
2815,2024-06-12,ST3,16
2816,2024-06-12,ST3,17
2817,2024-06-12,ST3,18
2818,2024-06-12,ST3,19
2819,2024-06-12,ST3,20
2820,2024-06-12,ST3,21
2821,2024-06-12,ST3,22
2822,2024-06-12,ST3,23
2823,2024-06-12,ST3,24
2824,2024-06-12,ST3,25
2825,2024-06-12,ST3,26
2826,2024-06-12,ST3,27
2827,2024-06-12,ST3,28
2828,2024-06-12,ST3,29
2829,2024-06-12,ST3,30
2830,2024-06-12,ST3,31
2831,2024-06-12,ST3,32
2832,2024-06-12,ST3,33
2833,2024-06-12,ST3,34
2834,2024-06-12,ST3,35
2835,2024-06-12,ST3,36
2836,2024-06-12,ST3,37
2837,2024-06-12,ST3,38
2838,2024-06-12,ST3,39
2839,2024-06-12,ST3,40
2840,2024-06-12,ST3,41
2841,2024-06-12,ST3,42
2842,2024-06-12,ST3,43
2843,2024-06-12,ST3,44
2844,2024-06-12,ST3,45
2845,2024-06-12,ST3,46
2846,2024-06-12,ST3,47
2847,2024-06-12,ST3,48
2848,2024-06-12,ST3,49
2849,2024-06-12,ST3,50
2850,2024-06-12,ST3,51
2851,2024-06-12,ST3,52
2852,2024-06-12,ST3,53
2853,2024-06-12,ST3,54
2854,2024-06-12,ST3,55
2855,2024-06-12,ST3,56
2856,2024-06-12,ST3,57
2857,2024-06-12,ST3,58
2858,2024-06-12,ST3,59
2859,2024-06-12,ST3,60
2860,2024-06-12,ST3,61
2861,2024-06-12,ST3,63
2862,2024-06-12,ST3,64
2863,2024-06-12,ST3,65
2864,2024-06-12,ST3,69
2865,2024-06-12,ST3,70
2866,2024-06-12,ST3,71
2867,2024-06-12,ST3,72
2868,2024-06-12,ST3,73
2869,2024-06-12,ST3,74
2870,2024-06-12,ST3,75
2871,2024-06-12,ST3,76
2872,2024-06-12,ST3,77
2873,2024-06-12,ST3,78
2874,2024-06-12,ST3,79
2875,2024-06-12,ST3,81
2876,2024-06-12,ST3,82
2877,2024-06-12,ST3,83
2878,2024-06-12,ST3,84
2879,2024-06-12,ST3,87
2880,2024-06-13,ST1,1
2881,2024-06-13,ST1,2
2882,2024-06-13,ST1,3
2883,2024-06-13,ST1,4
2884,2024-06-13,ST1,5
2885,2024-06-13,ST1,6
2886,2024-06-13,ST1,7
2887,2024-06-13,ST1,8
2888,2024-06-13,ST1,9
2889,2024-06-13,ST1,10
2890,2024-06-13,ST1,11
2891,2024-06-13,ST1,12
2892,2024-06-13,ST1,13
2893,2024-06-13,ST1,14
2894,2024-06-13,ST1,15
2895,2024-06-13,ST1,16
2896,2024-06-13,ST1,17
2897,2024-06-13,ST1,18
2898,2024-06-13,ST1,19
2899,2024-06-13,ST1,20
2900,2024-06-13,ST1,21
2901,2024-06-13,ST1,22
2902,2024-06-13,ST1,23
2903,2024-06-13,ST1,24
2904,2024-06-13,ST1,25
2905,2024-06-13,ST1,26
2906,2024-06-13,ST1,27
2907,2024-06-13,ST1,28
2908,2024-06-13,ST1,29
2909,2024-06-13,ST1,30
2910,2024-06-13,ST1,31
2911,2024-06-13,ST1,32
2912,2024-06-13,ST1,33
2913,2024-06-13,ST1,34
2914,2024-06-13,ST1,35
2915,2024-06-13,ST1,36
2916,2024-06-13,ST1,37
2917,2024-06-13,ST1,38
2918,2024-06-13,ST1,39
2919,2024-06-13,ST1,40
2920,2024-06-13,ST1,41
2921,2024-06-13,ST1,42
2922,2024-06-13,ST1,43
2923,2024-06-13,ST1,44
2924,2024-06-13,ST1,45
2925,2024-06-13,ST1,46
2926,2024-06-13,ST1,47
2927,2024-06-13,ST1,48
2928,2024-06-13,ST1,49
2929,2024-06-13,ST1,50
2930,2024-06-13,ST1,51
2931,2024-06-13,ST1,52
2932,2024-06-13,ST1,53
2933,2024-06-13,ST1,54
2934,2024-06-13,ST1,55
2935,2024-06-13,ST1,56
2936,2024-06-13,ST1,57
2937,2024-06-13,ST1,58
2938,2024-06-13,ST1,59
2939,2024-06-13,ST1,60
2940,2024-06-13,ST1,61
2941,2024-06-13,ST1,63
2942,2024-06-13,ST1,64
2943,2024-06-13,ST1,65
2944,2024-06-13,ST1,69
2945,2024-06-13,ST1,70
2946,2024-06-13,ST1,71
2947,2024-06-13,ST1,72
2948,2024-06-13,ST1,73
2949,2024-06-13,ST1,74
2950,2024-06-13,ST1,75
2951,2024-06-13,ST1,76
2952,2024-06-13,ST1,77
2953,2024-06-13,ST1,78
2954,2024-06-13,ST1,79
2955,2024-06-13,ST1,81
2956,2024-06-13,ST1,82
2957,2024-06-13,ST1,83
2958,2024-06-13,ST1,84
2959,2024-06-13,ST1,87
2960,2024-06-13,ST2,1
2961,2024-06-13,ST2,2
2962,2024-06-13,ST2,3
2963,2024-06-13,ST2,4
2964,2024-06-13,ST2,5
2965,2024-06-13,ST2,6
2966,2024-06-13,ST2,7
2967,2024-06-13,ST2,8
2968,2024-06-13,ST2,9
2969,2024-06-13,ST2,10
2970,2024-06-13,ST2,11
2971,2024-06-13,ST2,12
2972,2024-06-13,ST2,13
2973,2024-06-13,ST2,14
2974,2024-06-13,ST2,15
2975,2024-06-13,ST2,16
2976,2024-06-13,ST2,17
2977,2024-06-13,ST2,18
2978,2024-06-13,ST2,19
2979,2024-06-13,ST2,20
2980,2024-06-13,ST2,21
2981,2024-06-13,ST2,22
2982,2024-06-13,ST2,23
2983,2024-06-13,ST2,24
2984,2024-06-13,ST2,25
2985,2024-06-13,ST2,26
2986,2024-06-13,ST2,27
2987,2024-06-13,ST2,28
2988,2024-06-13,ST2,29
2989,2024-06-13,ST2,30
2990,2024-06-13,ST2,31
2991,2024-06-13,ST2,32
2992,2024-06-13,ST2,33
2993,2024-06-13,ST2,34
2994,2024-06-13,ST2,35
2995,2024-06-13,ST2,36
2996,2024-06-13,ST2,37
2997,2024-06-13,ST2,38
2998,2024-06-13,ST2,39
2999,2024-06-13,ST2,40
3000,2024-06-13,ST2,41
3001,2024-06-13,ST2,42
3002,2024-06-13,ST2,43
3003,2024-06-13,ST2,44
3004,2024-06-13,ST2,45
3005,2024-06-13,ST2,46
3006,2024-06-13,ST2,47
3007,2024-06-13,ST2,48
3008,2024-06-13,ST2,49
3009,2024-06-13,ST2,50
3010,2024-06-13,ST2,51
3011,2024-06-13,ST2,52
3012,2024-06-13,ST2,53
3013,2024-06-13,ST2,54
3014,2024-06-13,ST2,55
3015,2024-06-13,ST2,56
3016,2024-06-13,ST2,57
3017,2024-06-13,ST2,58
3018,2024-06-13,ST2,59
3019,2024-06-13,ST2,60
3020,2024-06-13,ST2,61
3021,2024-06-13,ST2,63
3022,2024-06-13,ST2,64
3023,2024-06-13,ST2,65
3024,2024-06-13,ST2,69
3025,2024-06-13,ST2,70
3026,2024-06-13,ST2,71
3027,2024-06-13,ST2,72
3028,2024-06-13,ST2,73
3029,2024-06-13,ST2,74
3030,2024-06-13,ST2,75
3031,2024-06-13,ST2,76
3032,2024-06-13,ST2,77
3033,2024-06-13,ST2,78
3034,2024-06-13,ST2,79
3035,2024-06-13,ST2,81
3036,2024-06-13,ST2,82
3037,2024-06-13,ST2,83
3038,2024-06-13,ST2,84
3039,2024-06-13,ST2,87
3040,2024-06-13,ST3,1
3041,2024-06-13,ST3,2
3042,2024-06-13,ST3,3
3043,2024-06-13,ST3,4
3044,2024-06-13,ST3,5
3045,2024-06-13,ST3,6
3046,2024-06-13,ST3,7
3047,2024-06-13,ST3,8
3048,2024-06-13,ST3,9
3049,2024-06-13,ST3,10
3050,2024-06-13,ST3,11
3051,2024-06-13,ST3,12
3052,2024-06-13,ST3,13
3053,2024-06-13,ST3,14
3054,2024-06-13,ST3,15
3055,2024-06-13,ST3,16
3056,2024-06-13,ST3,17
3057,2024-06-13,ST3,18
3058,2024-06-13,ST3,19
3059,2024-06-13,ST3,20
3060,2024-06-13,ST3,21
3061,2024-06-13,ST3,22
3062,2024-06-13,ST3,23
3063,2024-06-13,ST3,24
3064,2024-06-13,ST3,25
3065,2024-06-13,ST3,26
3066,2024-06-13,ST3,27
3067,2024-06-13,ST3,28
3068,2024-06-13,ST3,29
3069,2024-06-13,ST3,30
3070,2024-06-13,ST3,31
3071,2024-06-13,ST3,32
3072,2024-06-13,ST3,33
3073,2024-06-13,ST3,34
3074,2024-06-13,ST3,35
3075,2024-06-13,ST3,36
3076,2024-06-13,ST3,37
3077,2024-06-13,ST3,38
3078,2024-06-13,ST3,39
3079,2024-06-13,ST3,40
3080,2024-06-13,ST3,41
3081,2024-06-13,ST3,42
3082,2024-06-13,ST3,43
3083,2024-06-13,ST3,44
3084,2024-06-13,ST3,45
3085,2024-06-13,ST3,46
3086,2024-06-13,ST3,47
3087,2024-06-13,ST3,48
3088,2024-06-13,ST3,49
3089,2024-06-13,ST3,50
3090,2024-06-13,ST3,51
3091,2024-06-13,ST3,52
3092,2024-06-13,ST3,53
3093,2024-06-13,ST3,54
3094,2024-06-13,ST3,55
3095,2024-06-13,ST3,56
3096,2024-06-13,ST3,57
3097,2024-06-13,ST3,58
3098,2024-06-13,ST3,59
3099,2024-06-13,ST3,60
3100,2024-06-13,ST3,61
3101,2024-06-13,ST3,63
3102,2024-06-13,ST3,64
3103,2024-06-13,ST3,65
3104,2024-06-13,ST3,69
3105,2024-06-13,ST3,70
3106,2024-06-13,ST3,71
3107,2024-06-13,ST3,72
3108,2024-06-13,ST3,73
3109,2024-06-13,ST3,74
3110,2024-06-13,ST3,75
3111,2024-06-13,ST3,76
3112,2024-06-13,ST3,77
3113,2024-06-13,ST3,78
3114,2024-06-13,ST3,79
3115,2024-06-13,ST3,81
3116,2024-06-13,ST3,82
3117,2024-06-13,ST3,83
3118,2024-06-13,ST3,84
3119,2024-06-13,ST3,87
3120,2024-06-14,ST1,1
3121,2024-06-14,ST1,2
3122,2024-06-14,ST1,3
3123,2024-06-14,ST1,4
3124,2024-06-14,ST1,5
3125,2024-06-14,ST1,6
3126,2024-06-14,ST1,7
3127,2024-06-14,ST1,8
3128,2024-06-14,ST1,9
3129,2024-06-14,ST1,10
3130,2024-06-14,ST1,11
3131,2024-06-14,ST1,12
3132,2024-06-14,ST1,13
3133,2024-06-14,ST1,14
3134,2024-06-14,ST1,15
3135,2024-06-14,ST1,16
3136,2024-06-14,ST1,17
3137,2024-06-14,ST1,18
3138,2024-06-14,ST1,19
3139,2024-06-14,ST1,20
3140,2024-06-14,ST1,21
3141,2024-06-14,ST1,22
3142,2024-06-14,ST1,23
3143,2024-06-14,ST1,24
3144,2024-06-14,ST1,25
3145,2024-06-14,ST1,26
3146,2024-06-14,ST1,27
3147,2024-06-14,ST1,28
3148,2024-06-14,ST1,29
3149,2024-06-14,ST1,30
3150,2024-06-14,ST1,31
3151,2024-06-14,ST1,32
3152,2024-06-14,ST1,33
3153,2024-06-14,ST1,34
3154,2024-06-14,ST1,35
3155,2024-06-14,ST1,36
3156,2024-06-14,ST1,37
3157,2024-06-14,ST1,38
3158,2024-06-14,ST1,39
3159,2024-06-14,ST1,40
3160,2024-06-14,ST1,41
3161,2024-06-14,ST1,42
3162,2024-06-14,ST1,43
3163,2024-06-14,ST1,44
3164,2024-06-14,ST1,45
3165,2024-06-14,ST1,46
3166,2024-06-14,ST1,47
3167,2024-06-14,ST1,48
3168,2024-06-14,ST1,49
3169,2024-06-14,ST1,50
3170,2024-06-14,ST1,51
3171,2024-06-14,ST1,52
3172,2024-06-14,ST1,53
3173,2024-06-14,ST1,54
3174,2024-06-14,ST1,55
3175,2024-06-14,ST1,56
3176,2024-06-14,ST1,57
3177,2024-06-14,ST1,58
3178,2024-06-14,ST1,59
3179,2024-06-14,ST1,60
3180,2024-06-14,ST1,61
3181,2024-06-14,ST1,63
3182,2024-06-14,ST1,64
3183,2024-06-14,ST1,65
3184,2024-06-14,ST1,69
3185,2024-06-14,ST1,70
3186,2024-06-14,ST1,71
3187,2024-06-14,ST1,72
3188,2024-06-14,ST1,73
3189,2024-06-14,ST1,74
3190,2024-06-14,ST1,75
3191,2024-06-14,ST1,76
3192,2024-06-14,ST1,77
3193,2024-06-14,ST1,78
3194,2024-06-14,ST1,79
3195,2024-06-14,ST1,81
3196,2024-06-14,ST1,82
3197,2024-06-14,ST1,83
3198,2024-06-14,ST1,84
3199,2024-06-14,ST1,87
3200,2024-06-14,ST2,1
3201,2024-06-14,ST2,2
3202,2024-06-14,ST2,3
3203,2024-06-14,ST2,4
3204,2024-06-14,ST2,5
3205,2024-06-14,ST2,6
3206,2024-06-14,ST2,7
3207,2024-06-14,ST2,8
3208,2024-06-14,ST2,9
3209,2024-06-14,ST2,10
3210,2024-06-14,ST2,11
3211,2024-06-14,ST2,12
3212,2024-06-14,ST2,13
3213,2024-06-14,ST2,14
3214,2024-06-14,ST2,15
3215,2024-06-14,ST2,16
3216,2024-06-14,ST2,17
3217,2024-06-14,ST2,18
3218,2024-06-14,ST2,19
3219,2024-06-14,ST2,20
3220,2024-06-14,ST2,21
3221,2024-06-14,ST2,22
3222,2024-06-14,ST2,23
3223,2024-06-14,ST2,24
3224,2024-06-14,ST2,25
3225,2024-06-14,ST2,26
3226,2024-06-14,ST2,27
3227,2024-06-14,ST2,28
3228,2024-06-14,ST2,29
3229,2024-06-14,ST2,30
3230,2024-06-14,ST2,31
3231,2024-06-14,ST2,32
3232,2024-06-14,ST2,33
3233,2024-06-14,ST2,34
3234,2024-06-14,ST2,35
3235,2024-06-14,ST2,36
3236,2024-06-14,ST2,37
3237,2024-06-14,ST2,38
3238,2024-06-14,ST2,39
3239,2024-06-14,ST2,40
3240,2024-06-14,ST2,41
3241,2024-06-14,ST2,42
3242,2024-06-14,ST2,43
3243,2024-06-14,ST2,44
3244,2024-06-14,ST2,45
3245,2024-06-14,ST2,46
3246,2024-06-14,ST2,47
3247,2024-06-14,ST2,48
3248,2024-06-14,ST2,49
3249,2024-06-14,ST2,50
3250,2024-06-14,ST2,51
3251,2024-06-14,ST2,52
3252,2024-06-14,ST2,53
3253,2024-06-14,ST2,54
3254,2024-06-14,ST2,55
3255,2024-06-14,ST2,56
3256,2024-06-14,ST2,57
3257,2024-06-14,ST2,58
3258,2024-06-14,ST2,59
3259,2024-06-14,ST2,60
3260,2024-06-14,ST2,61
3261,2024-06-14,ST2,63
3262,2024-06-14,ST2,64
3263,2024-06-14,ST2,65
3264,2024-06-14,ST2,69
3265,2024-06-14,ST2,70
3266,2024-06-14,ST2,71
3267,2024-06-14,ST2,72
3268,2024-06-14,ST2,73
3269,2024-06-14,ST2,74
3270,2024-06-14,ST2,75
3271,2024-06-14,ST2,76
3272,2024-06-14,ST2,77
3273,2024-06-14,ST2,78
3274,2024-06-14,ST2,79
3275,2024-06-14,ST2,81
3276,2024-06-14,ST2,82
3277,2024-06-14,ST2,83
3278,2024-06-14,ST2,84
3279,2024-06-14,ST2,87
3280,2024-06-14,ST3,1
3281,2024-06-14,ST3,2
3282,2024-06-14,ST3,3
3283,2024-06-14,ST3,4
3284,2024-06-14,ST3,5
3285,2024-06-14,ST3,6
3286,2024-06-14,ST3,7
3287,2024-06-14,ST3,8
3288,2024-06-14,ST3,9
3289,2024-06-14,ST3,10
3290,2024-06-14,ST3,11
3291,2024-06-14,ST3,12
3292,2024-06-14,ST3,13
3293,2024-06-14,ST3,14
3294,2024-06-14,ST3,15
3295,2024-06-14,ST3,16
3296,2024-06-14,ST3,17
3297,2024-06-14,ST3,18
3298,2024-06-14,ST3,19
3299,2024-06-14,ST3,20
3300,2024-06-14,ST3,21
3301,2024-06-14,ST3,22
3302,2024-06-14,ST3,23
3303,2024-06-14,ST3,24
3304,2024-06-14,ST3,25
3305,2024-06-14,ST3,26
3306,2024-06-14,ST3,27
3307,2024-06-14,ST3,28
3308,2024-06-14,ST3,29
3309,2024-06-14,ST3,30
3310,2024-06-14,ST3,31
3311,2024-06-14,ST3,32
3312,2024-06-14,ST3,33
3313,2024-06-14,ST3,34
3314,2024-06-14,ST3,35
3315,2024-06-14,ST3,36
3316,2024-06-14,ST3,37
3317,2024-06-14,ST3,38
3318,2024-06-14,ST3,39
3319,2024-06-14,ST3,40
3320,2024-06-14,ST3,41
3321,2024-06-14,ST3,42
3322,2024-06-14,ST3,43
3323,2024-06-14,ST3,44
3324,2024-06-14,ST3,45
3325,2024-06-14,ST3,46
3326,2024-06-14,ST3,47
3327,2024-06-14,ST3,48
3328,2024-06-14,ST3,49
3329,2024-06-14,ST3,50
3330,2024-06-14,ST3,51
3331,2024-06-14,ST3,52
3332,2024-06-14,ST3,53
3333,2024-06-14,ST3,54
3334,2024-06-14,ST3,55
3335,2024-06-14,ST3,56
3336,2024-06-14,ST3,57
3337,2024-06-14,ST3,58
3338,2024-06-14,ST3,59
3339,2024-06-14,ST3,60
3340,2024-06-14,ST3,61
3341,2024-06-14,ST3,63
3342,2024-06-14,ST3,64
3343,2024-06-14,ST3,65
3344,2024-06-14,ST3,69
3345,2024-06-14,ST3,70
3346,2024-06-14,ST3,71
3347,2024-06-14,ST3,72
3348,2024-06-14,ST3,73
3349,2024-06-14,ST3,74
3350,2024-06-14,ST3,75
3351,2024-06-14,ST3,76
3352,2024-06-14,ST3,77
3353,2024-06-14,ST3,78
3354,2024-06-14,ST3,79
3355,2024-06-14,ST3,81
3356,2024-06-14,ST3,82
3357,2024-06-14,ST3,83
3358,2024-06-14,ST3,84
3359,2024-06-14,ST3,87
